Team,Position,First Name,Last Name,Overall,Version
Bills,QB,Rob,Johnson,72,2002
Bills,QB,Alex,Van Pelt,49,2002
Bills,QB,Pete,Gonzalez,43,2002
Dolphins,QB,Jay,Fiedler,69,2002
Dolphins,QB,Ray,Lucas,69,2002
Dolphins,QB,Josh,Heupel,53,2002
Dolphins,QB,Mike,Quinn,45,2002
Patriots,QB,Drew,Bledsoe,86,2002
Patriots,QB,Damon,Huard,67,2002
Patriots,QB,Michael,Bishop,62,2002
Jets,QB,Vinny,Testaverde,76,2002
Jets,QB,Chad,Pennington,70,2002
Jets,QB,Tory,Woodbury,53,2002
Ravens,QB,Elvis,Grbac,82,2002
Ravens,QB,Randall,Cunningham,63,2002
Ravens,QB,Chris,Redman,61,2002
Bengals,QB,Jon,Kitna,71,2002
Bengals,QB,Akili,Smith,66,2002
Bengals,QB,Scott,Mitchell,59,2002
Browns,QB,Tim,Couch,79,2002
Browns,QB,Kelly,Holcomb,55,2002
Browns,QB,Spergon,Wynn,42,2002
Steelers,QB,Kordell,Stewart,72,2002
Steelers,QB,Kent,Graham,61,2002
Steelers,QB,Tee,Martin,55,2002
Colts,QB,Peyton,Manning,97,2002
Colts,QB,Billy Joe,Hobert,60,2002
Colts,QB,Roderick,Robinson,48,2002
Jaguars,QB,Mark,Brunell,86,2002
Jaguars,QB,Jonathan,Quinn,54,2002
Jaguars,QB,Jamie,Martin,51,2002
Titans,QB,Steve,McNair,83,2002
Titans,QB,Neil,O'Donnell,73,2002
Titans,QB,Billy,Volek,46,2002
Broncos,QB,Brian,Griese,85,2002
Broncos,QB,Steve,Beuerlein,83,2002
Broncos,QB,Gus,Frerotte,72,2002
Chiefs,QB,Trent,Green,80,2002
Chiefs,QB,Bubby,Brister,69,2002
Chiefs,QB,Todd,Collins,56,2002
Raiders,QB,Rich,Gannon,92,2002
Raiders,QB,Bobby,Hoying,62,2002
Raiders,QB,Marques,Tuiasosopo,54,2002
Chargers,QB,Doug,Flutie,83,2002
Chargers,QB,Drew,Brees,71,2002
Chargers,QB,Dave,Dickenson,55,2002
Cowboys,QB,Tony,Banks,71,2002
Cowboys,QB,Quincy,Carter,60,2002
Cowboys,QB,Anthony,Wright,57,2002
Cowboys,QB,Clint,Stoerner,47,2002
Eagles,QB,Donovan,McNabb,90,2002
Eagles,QB,Koy,Detmer,53,2002
Eagles,QB,Ron,Powlus,52,2002
Eagles,QB,A.J.,Feeley,45,2002
Redskins,QB,Jeff,George,78,2002
Redskins,QB,Sage,Rosenfels,50,2002
Redskins,QB,Todd,Husak,41,2002
Giants,QB,Kerry,Collins,81,2002
Giants,QB,Jason,Garrett,59,2002
Giants,QB,Jesse,Palmer,57,2002
Bears,QB,Cade,McNown,70,2002
Bears,QB,Shane,Matthews,69,2002
Bears,QB,Jim,Miller,67,2002
Lions,QB,Charlie,Batch,73,2002
Lions,QB,Jim,Harbaugh,65,2002
Lions,QB,Mike,McMahon,55,2002
Packers,QB,Brett,Favre,97,2002
Packers,QB,Doug,Pederson,59,2002
Packers,QB,Henry,Burris,56,2002
Vikings,QB,Daunte,Culpepper,92,2002
Vikings,QB,Todd,Bouman,49,2002
Vikings,QB,Billy,Cockerham,43,2002
Falcons,QB,Michael,Vick,72,2002
Falcons,QB,Chris,Chandler,69,2002
Falcons,QB,Eric,Zeier,61,2002
Panthers,QB,Jeff,Lewis,69,2002
Panthers,QB,Chris,Weinke,67,2002
Panthers,QB,Dameyune,Craig,43,2002
Saints,QB,Aaron,Brooks,78,2002
Saints,QB,Jeff,Blake,77,2002
Saints,QB,Jake,Delhomme,54,2002
Buccaneers,QB,Brad,Johnson,82,2002
Buccaneers,QB,Shaun,King,74,2002
Buccaneers,QB,Ryan,Leaf,60,2002
Buccaneers,QB,Joe,Hamilton,58,2002
Cardinals,QB,Jake,Plummer,73,2002
Cardinals,QB,Dave,Brown,61,2002
Cardinals,QB,Chris,Greisen,42,2002
Rams,QB,Kurt,Warner,95,2002
Rams,QB,Joe,Germaine,53,2002
Rams,QB,Paul,Justin,51,2002
49ers,QB,Jeff,Garcia,85,2002
49ers,QB,Tim,Rattay,53,2002
49ers,QB,Giovanni,Carmazzi,50,2002
49ers,QB,Rick,Mirer,44,2002
Seahawks,QB,Matt,Hasselbeck,73,2002
Seahawks,QB,Brock,Huard,58,2002
Seahawks,QB,Travis,Brown,51,2002
Bills,QB,Drew,Bledsoe,83,2003
Bills,QB,Alex,Van Pelt,66,2003
Bills,QB,Travis,Brown,42,2003
Dolphins,QB,Jay,Fiedler,77,2003
Dolphins,QB,Ray,Lucas,65,2003
Dolphins,QB,Zak,Kustok,51,2003
Patriots,QB,Tom,Brady,84,2003
Patriots,QB,Damon,Huard,65,2003
Patriots,QB,Rohan,Davey,60,2003
Jets,QB,Vinny,Testaverde,76,2003
Jets,QB,Chad,Pennington,72,2003
Jets,QB,Tory,Woodbury,40,2003
Ravens,QB,Jeff,Blake,72,2003
Ravens,QB,Chris,Redman,67,2003
Ravens,QB,Wes,Pate,49,2003
Bengals,QB,Gus,Frerotte,69,2003
Bengals,QB,Jon,Kitna,66,2003
Bengals,QB,Akili,Smith,62,2003
Browns,QB,Tim,Couch,81,2003
Browns,QB,Kelly,Holcomb,47,2003
Browns,QB,Josh,Booty,39,2003
Steelers,QB,Kordell,Stewart,82,2003
Steelers,QB,Charlie,Batch,65,2003
Steelers,QB,Tommy,Maddox,59,2003
Steelers,QB,Tee,Martin,56,2003
Colts,QB,Peyton,Manning,92,2003
Colts,QB,Brock,Huard,61,2003
Colts,QB,Greg,Zolman,46,2003
Colts,QB,Cory,Sauter,37,2003
Jaguars,QB,Mark,Brunell,86,2003
Jaguars,QB,David,Garrard,59,2003
Jaguars,QB,Roderick,Robinson,39,2003
Titans,QB,Steve,McNair,83,2003
Titans,QB,Neil,O'Donnell,69,2003
Titans,QB,Billy,Volek,46,2003
Broncos,QB,Brian,Griese,80,2003
Broncos,QB,Steve,Beuerlein,70,2003
Broncos,QB,Jarious,Jackson,43,2003
Chiefs,QB,Trent,Green,78,2003
Chiefs,QB,Todd,Collins,57,2003
Chiefs,QB,Jonathan,Quinn,57,2003
Raiders,QB,Rich,Gannon,91,2003
Raiders,QB,Marques,Tuiasosopo,64,2003
Raiders,QB,Bobby,Hoying,58,2003
Chargers,QB,Doug,Flutie,71,2003
Chargers,QB,Drew,Brees,71,2003
Chargers,QB,Dave,Dickinson,45,2003
Cowboys,QB,Quincy,Carter,72,2003
Cowboys,QB,Chad,Hutchinson,65,2003
Cowboys,QB,Anthony,Wright,62,2003
Eagles,QB,Donovan,McNabb,92,2003
Eagles,QB,A.J.,Feeley,53,2003
Eagles,QB,Koy,Detmer,52,2003
Redskins,QB,Shane,Matthews,69,2003
Redskins,QB,Sage,Rosenfels,64,2003
Redskins,QB,Patrick,Ramsey,63,2003
Redskins,QB,Danny,Wuerffel,60,2003
Giants,QB,Kerry,Collins,77,2003
Giants,QB,Jesse,Palmer,62,2003
Giants,QB,Darnell,Dinkins,41,2003
Bears,QB,Jim,Miller,74,2003
Bears,QB,Chris,Chandler,73,2003
Bears,QB,Henry,Burris,45,2003
Lions,QB,Joey,Harrington,73,2003
Lions,QB,Mike,McMahon,72,2003
Lions,QB,Ty,Detmer,63,2003
Packers,QB,Brett,Favre,97,2003
Packers,QB,Doug,Pederson,60,2003
Packers,QB,Craig,Nall,52,2003
Vikings,QB,Daunte,Culpepper,89,2003
Vikings,QB,Todd,Bouman,61,2003
Vikings,QB,Spergon,Wynn,48,2003
Falcons,QB,Michael,Vick,78,2003
Falcons,QB,Doug,Johnson,58,2003
Falcons,QB,Kurt,Kittner,58,2003
Panthers,QB,Chris,Weinke,70,2003
Panthers,QB,Rodney,Peete,63,2003
Panthers,QB,Randy,Fasani,50,2003
Saints,QB,Aaron,Brooks,84,2003
Saints,QB,Jake,Delhomme,54,2003
Saints,QB,Jeff,Lewis,53,2003
Buccaneers,QB,Brad,Johnson,75,2003
Buccaneers,QB,Rob,Johnson,71,2003
Buccaneers,QB,Shaun,King,68,2003
Buccaneers,QB,Joe,Hamilton,51,2003
Cardinals,QB,Jake,Plummer,78,2003
Cardinals,QB,Josh,McCown,55,2003
Cardinals,QB,Chris,Greisen,53,2003
Rams,QB,Kurt,Warner,97,2003
Rams,QB,Jamie,Martin,61,2003
Rams,QB,Marc,Bulger,50,2003
49ers,QB,Jeff,Garcia,92,2003
49ers,QB,Cade,McNown,61,2003
49ers,QB,Tim,Rattay,52,2003
49ers,QB,Giovanni,Carmazzi,38,2003
Seahawks,QB,Trent,Dilfer,80,2003
Seahawks,QB,Matt,Hasselbeck,71,2003
Seahawks,QB,Ryan,Leaf,54,2003
Texans,QB,David,Carr,76,2003
Texans,QB,Kent,Graham,63,2003
Texans,QB,Mike,Quinn,62,2003
Bills,QB,Drew,Bledsoe,91,2004
Bills,QB,Alex,Van Pelt,69,2004
Bills,QB,Travis,Brown,54,2004
Dolphins,QB,Jay,Fiedler,84,2004
Dolphins,QB,Brian,Griese,81,2004
Dolphins,QB,Sage,Rosenfels,63,2004
Patriots,QB,Tom,Brady,90,2004
Patriots,QB,Damon,Huard,65,2004
Patriots,QB,Rohan,Davey,65,2004
Jets,QB,Chad,Pennington,88,2004
Jets,QB,Vinny,Testaverde,77,2004
Jets,QB,Brooks,Bollinger,61,2004
Ravens,QB,Chris,Redman,75,2004
Ravens,QB,Kyle,Boller,75,2004
Ravens,QB,Anthony,Wright,66,2004
Bengals,QB,Jon,Kitna,79,2004
Bengals,QB,Carson,Palmer,79,2004
Bengals,QB,Shane,Matthews,72,2004
Browns,QB,Tim,Couch,81,2004
Browns,QB,Kelly,Holcomb,81,2004
Browns,QB,Josh,Booty,53,2004
Steelers,QB,Tommy,Maddox,84,2004
Steelers,QB,Charlie,Batch,70,2004
Steelers,QB,Brian,St. Pierre,62,2004
Steelers,QB,Tim,Levcik,59,2004
Colts,QB,Peyton,Manning,92,2004
Colts,QB,Brock,Huard,66,2004
Colts,QB,Jim,Kubiak,52,2004
Jaguars,QB,Mark,Brunell,86,2004
Jaguars,QB,Byron,Leftwich,78,2004
Jaguars,QB,David,Garrard,68,2004
Titans,QB,Steve,McNair,93,2004
Titans,QB,Billy,Volek,64,2004
Titans,QB,Jason,Gesser,59,2004
Broncos,QB,Jake,Plummer,82,2004
Broncos,QB,Steve,Beuerlein,77,2004
Broncos,QB,Jarious,Jackson,58,2004
Chiefs,QB,Trent,Green,87,2004
Chiefs,QB,Todd,Collins,66,2004
Chiefs,QB,Jonathan,Quinn,65,2004
Raiders,QB,Rich,Gannon,97,2004
Raiders,QB,Marques,Tuiasosopo,74,2004
Raiders,QB,Rick,Mirer,63,2004
Chargers,QB,Drew,Brees,80,2004
Chargers,QB,Doug,Flutie,76,2004
Chargers,QB,Seth,Burford,53,2004
Cowboys,QB,Chad,Hutchinson,73,2004
Cowboys,QB,Quincy,Carter,72,2004
Cowboys,QB,Clint,Stoerner,63,2004
Eagles,QB,Donovan,McNabb,95,2004
Eagles,QB,Koy,Detmer,73,2004
Eagles,QB,A.J.,Feeley,70,2004
Redskins,QB,Patrick,Ramsey,76,2004
Redskins,QB,Rob,Johnson,69,2004
Redskins,QB,Gibran,Hamdan,55,2004
Giants,QB,Kerry,Collins,87,2004
Giants,QB,Jesse,Palmer,65,2004
Giants,QB,Jason,Garrett,59,2004
Bears,QB,Kordell,Stewart,79,2004
Bears,QB,Chris,Chandler,74,2004
Bears,QB,Rex,Grossman,73,2004
Lions,QB,Joey,Harrington,79,2004
Lions,QB,Mike,McMahon,74,2004
Lions,QB,Ty,Detmer,64,2004
Packers,QB,Brett,Favre,98,2004
Packers,QB,Akili,Smith,67,2004
Packers,QB,Doug,Pederson,66,2004
Packers,QB,Craig,Nall,64,2004
Vikings,QB,Daunte,Culpepper,88,2004
Vikings,QB,Gus,Frerotte,71,2004
Vikings,QB,Shaun,Hill,50,2004
Falcons,QB,Michael,Vick,95,2004
Falcons,QB,Doug,Johnson,70,2004
Falcons,QB,Kurt,Kittner,62,2004
Panthers,QB,Rodney,Peete,75,2004
Panthers,QB,Jake,Delhomme,75,2004
Panthers,QB,Chris,Weinke,67,2004
Saints,QB,Aaron,Brooks,89,2004
Saints,QB,Todd,Bouman,70,2004
Saints,QB,J.T.,O'Sullivan,53,2004
Buccaneers,QB,Brad,Johnson,87,2004
Buccaneers,QB,Jim,Miller,76,2004
Buccaneers,QB,Shaun,King,72,2004
Buccaneers,QB,Chris,Simms,66,2004
Cardinals,QB,Jeff,Blake,78,2004
Cardinals ,QB,Josh,McCown,64,2004
Cardinals,QB,Preston,Parsons,48,2004
Rams,QB,Kurt,Warner,91,2004
Rams,QB,Marc,Bulger,83,2004
Rams,QB,Scott,Covington,56,2004
49ers,QB,Jeff,Garcia,93,2004
49ers,QB,Tim,Rattay,70,2004
49ers,QB,Brandon,Doman,65,2004
49ers,QB,Ken,Dorsey,63,2004
Seahawks,QB,Matt,Hasselbeck,83,2004
Seahawks,QB,Trent,Dilfer,78,2004
Seahawks,QB,Seneca,Wallace,62,2004
Seahawks,QB,Jeff,Kelly,60,2004
Texans,QB,David,Carr,83,2004
Texans,QB,Tony,Banks,67,2004
Texans,QB,Dave,Ragone,67,2004
Texans,QB,Mike,Quinn,62,2004
Bills,QB,Drew,Bledsoe,87,2005
Bills,QB,J.P.,Losman,75,2005
Bills,QB,Travis,Brown,65,2005
Dolphins,QB,A.J.,Feeley,80,2005
Dolphins,QB,Jay,Fiedler,80,2005
Dolphins,QB,Sage,Rosenfels,68,2005
Patriots,QB,Tom,Brady,95,2005
Patriots,QB,Rohan,Davey,73,2005
Patriots,QB,Kliff,Kingsbury,66,2005
Jets,QB,Chad,Pennington,90,2005
Jets,QB,Ricky,Ray,69,2005
Jets,QB,Brooks,Bollinger,66,2005
Ravens,QB,Kyle,Boller,80,2005
Ravens,QB,Anthony,Wright,79,2005
Ravens,QB,Kordell,Stewart,70,2005
Ravens,QB,Josh,Harris,63,2005
Bengals,QB,Jon,Kitna,85,2005
Bengals,QB,Carson,Palmer,82,2005
Bengals,QB,Casey,Bramlet,61,2005
Browns,QB,Jeff,Garcia,88,2005
Browns,QB,Kelly,Holcomb,78,2005
Browns,QB,Luke,McCown,66,2005
Steelers,QB,Tommy,Maddox,84,2005
Steelers,QB,Ben,Roethlisberger,79,2005
Steelers,QB,Charlie,Batch,77,2005
Colts,QB,Peyton,Manning,97,2005
Colts,QB,Cory,Sauter,67,2005
Colts,QB,Jim,Sorgi,61,2005
Jaguars,QB,Byron,Leftwich,84,2005
Jaguars,QB,David,Garrard,73,2005
Jaguars,QB,Doug,Johnson,73,2005
Titans,QB,Steve,McNair,96,2005
Titans,QB,Billy,Volek,77,2005
Titans,QB,Jason,Gesser,59,2005
Broncos,QB,Jake,Plummer,87,2005
Broncos,QB,Danny,Kanell,65,2005
Broncos,QB,Mike,Quinn,65,2005
Chiefs,QB,Trent,Green,91,2005
Chiefs,QB,Todd,Collins,70,2005
Chiefs,QB,Damon,Huard,65,2005
Raiders,QB,Rich,Gannon,89,2005
Raiders,QB,Kerry,Collins,87,2005
Raiders,QB,Marques,Tuiasosopo,78,2005
Chargers,QB,Philip,Rivers,79,2005
Chargers,QB,Drew,Brees,77,2005
Chargers,QB,Doug,Flutie,76,2005
Cowboys,QB,Quincy,Carter,81,2005
Cowboys,QB,Vinny,Testaverde,78,2005
Cowboys,QB,Drew,Henson,76,2005
Cowboys,QB,Tony,Romo,65,2005
Eagles,QB,Donovan,McNabb,95,2005
Eagles,QB,Jeff,Blake,77,2005
Eagles,QB,Koy,Detmer,73,2005
Eagles,QB,Andy,Hall,63,2005
Redskins,QB,Mark,Brunell,86,2005
Redskins,QB,Patrick,Ramsey,83,2005
Redskins,QB,Tim,Hasselbeck,69,2005
Giants,QB,Kurt,Warner,86,2005
Giants,QB,Eli,Manning,81,2005
Giants,QB,Jesse,Palmer,66,2005
Bears,QB,Rex,Grossman,79,2005
Bears,QB,Jonathan,Quinn,71,2005
Bears,QB,Craig,Krenzel,65,2005
Lions,QB,Joey,Harrington,83,2005
Lions,QB,Mike,McMahon,79,2005
Lions,QB,Rick,Mirer,74,2005
Packers,QB,Brett,Favre,94,2005
Packers,QB,Tim,Couch,79,2005
Packers,QB,Craig,Nall,69,2005
Packers,QB,Doug,Pederson,66,2005
Vikings,QB,Daunte,Culpepper,93,2005
Vikings,QB,Gus,Frerotte,78,2005
Vikings,QB,Shaun,Hill,59,2005
Falcons,QB,Michael,Vick,92,2005
Falcons,QB,Ty,Detmer,68,2005
Falcons,QB,Matt,Schaub,67,2005
Panthers,QB,Jake,Delhomme,88,2005
Panthers,QB,Rodney,Peete,75,2005
Panthers,QB,Chris,Weinke,67,2005
Saints,QB,Aaron,Brooks,89,2005
Saints,QB,Todd,Bouman,74,2005
Saints,QB,J.T.,O'Sullivan,60,2005
Buccaneers,QB,Brad,Johnson,87,2005
Buccaneers,QB,Brian,Griese,77,2005
Buccaneers,QB,Chris,Simms,69,2005
Cardinals,QB,Josh,McCown,79,2005
Cardinals,QB,Shaun,King,75,2005
Cardinals,QB,John,Navarre,64,2005
Rams,QB,Marc,Bulger,88,2005
Rams,QB,Chris,Chandler,74,2005
Rams,QB,Jeff,Smoker,64,2005
49ers,QB,Tim,Rattay,78,2005
49ers,QB,Ken,Dorsey,68,2005
49ers,QB,Brandon,Doman,65,2005
49ers,QB,Cody,Pickett,63,2005
Seahawks,QB,Matt,Hasselbeck,90,2005
Seahawks,QB,Trent,Dilfer,78,2005
Seahawks,QB,Brock,Huard,70,2005
Seahawks,QB,Seneca,Wallace,62,2005
Texans,QB,David,Carr,85,2005
Texans,QB,Tony,Banks,72,2005
Texans,QB,Dave,Ragone,71,2005
Bills,QB,J.P.,Losman,79,6
Bills,QB,Kelly,Holcomb,77,6
Bills,QB,Shane,Matthews,71,6
Dolphins,QB,A.J.,Feeley,78,6
Dolphins,QB,Gus,Frerotte,78,6
Dolphins,QB,Sage,Rosenfels,68,6
Patriots,QB,Tom,Brady,97,6
Patriots,QB,Rohan,Davey,78,6
Patriots,QB,Doug,Flutie,76,6
Jets,QB,Chad,Pennington,89,6
Jets,QB,Jay,Fiedler,77,6
Jets,QB,Brooks,Bollinger,71,6
Ravens,QB,Kyle,Boller,80,6
Ravens,QB,Anthony,Wright,76,6
Ravens,QB,Derek,Anderson,68,6
Bengals,QB,Carson,Palmer,84,6
Bengals,QB,Jon,Kitna,82,6
Bengals,QB,Casey,Bramlet,61,6
Browns,QB,Trent,Dilfer,83,6
Browns,QB,Charlie,Frye,74,6
Browns,QB,Josh,Harris,65,6
Steelers,QB,Ben,Roethlisbergr,88,6
Steelers,QB,Tommy,Maddox,79,6
Steelers,QB,Charlie,Batch,77,6
Steelers,QB,Brian,St.Pierre,63,6
Colts,QB,Peyton,Manning,99,6
Colts,QB,Jim,Sorgi,65,6
Colts,QB,Travis,Brown,65,6
Jaguars,QB,Byron,Leftwich,86,6
Jaguars,QB,David,Garrard,79,6
Jaguars,QB,Quinn,Gray,68,6
Titans,QB,Steve,McNair,90,6
Titans,QB,Billy,Volek,84,6
Titans,QB,Marcus,Randall,61,6
Broncos,QB,Jake,Plummer,87,6
Broncos,QB,Danny,Kanell,70,6
Broncos,QB,Matt,Mauck,69,6
Chiefs,QB,Trent,Green,91,6
Chiefs,QB,Todd,Collins,73,6
Chiefs,QB,Damon,Huard,65,6
Raiders,QB,Kerry,Collins,84,6
Raiders,QB,Marques,Tuiasosopo,78,6
Raiders,QB,Andrew,Walter,73,6
Chargers,QB,Drew,Brees,89,6
Chargers,QB,Philip,Rivers,80,6
Chargers,QB,Cleo,Lemon,61,6
Cowboys,QB,Drew,Bledsoe,84,6
Cowboys,QB,Drew,Henson,74,6
Cowboys,QB,Tony,Romo,70,6
Eagles,QB,Donovan,McNabb,97,6
Eagles,QB,Mike,McMahon,80,6
Eagles,QB,Koy,Detmer,73,6
Redskins,QB,Patrick,Ramsey,83,6
Redskins,QB,Mark,Brunell,80,6
Redskins,QB,Jason,Campbell,78,6
Giants,QB,Eli,Manning,82,6
Giants,QB,Jesse,Palmer,72,6
Giants,QB,Tim,Hasselbeck,69,6
Bears,QB,Rex,Grossman,82,6
Bears,QB,Chad,Hutchinson,76,6
Bears,QB,Kyle,Orton,71,6
Lions,QB,Joey,Harrington,82,6
Lions,QB,Jeff,Garcia,81,6
Lions,QB,Dan,Orlovsky,71,6
Packers,QB,Brett,Favre,93,6
Packers,QB,Aaron,Rodgers,80,6
Packers,QB,Craig,Nall,72,6
Packers,QB,J.T.,O'Sullivan,66,6
Vikings,QB,Daunte,Culpepper,98,6
Vikings,QB,Brad,Johnson,80,6
Vikings,QB,Shaun,Hill,66,6
Falcons,QB,Michael,Vick,92,6
Falcons,QB,Matt,Schaub,77,6
Falcons,QB,Ty,Detmer,66,6
Panthers,QB,Jake,Delhomme,88,6
Panthers,QB,Chris,Weinke,72,6
Panthers,QB,Stefan,LeFors,72,6
Saints,QB,Aaron,Brooks,87,6
Saints,QB,Todd,Bouman,74,6
Saints,QB,Adrian,McPherson,69,6
Buccaneers,QB,Brian,Griese,85,6
Buccaneers,QB,Chris,Simms,76,6
Buccaneers,QB,Luke,McCown,72,6
Cardinals,QB,Kurt,Warner,83,6
Cardinals,QB,Josh,McCown,80,6
Cardinals,QB,John,Navarre,65,6
Rams,QB,Marc,Bulger,88,6
Rams,QB,Jamie,Martin,68,6
Rams,QB,Jeff,Smoker,64,6
49ers,QB,Alex,Smith,82,6
49ers,QB,Tim,Rattay,79,6
49ers,QB,Ken,Dorsey,71,6
Seahawks,QB,Matt,Hasselbeck,89,6
Seahawks,QB,David,Greene,72,6
Seahawks,QB,Seneca,Wallace,67,6
Texans,QB,David,Carr,87,6
Texans,QB,Tony,Banks,72,6
Texans,QB,Dave,Ragone,71,6
Bills,QB,Kelly,Holcomb,79,7
Bills,QB,J.P.,Losman,77,7
Bills,QB,Craig,Nall,76,7
Dolphins,QB,Daunte,Culpepper,92,7
Dolphins,QB,Joey,Harrington,76,7
Dolphins,QB,Cleo,Lemon,65,7
Patriots,QB,Tom,Brady,98,7
Patriots,QB,Matt,Cassel,70,7
Patriots,QB,Corey,Bramlet,60,7
Jets,QB,Chad,Pennington,85,7
Jets,QB,Patrick,Ramsey,77,7
Jets,QB,Kellen,Clemens,74,7
Jets,QB,Brooks,Bollinger,73,7
Ravens,QB,Steve,McNair,88,7
Ravens,QB,Kyle,Boller,80,7
Ravens,QB,Brian,St.Pierre,64,7
Bengals,QB,Carson,Palmer,95,7
Bengals,QB,Anthony,Wright,79,7
Bengals,QB,Doug,Johnson,72,7
Browns,QB,Charlie,Frye,81,7
Browns,QB,Ken,Dorsey,74,7
Browns,QB,Derek,Anderson,66,7
Steelers,QB,Ben,Roethlisberger,92,7
Steelers,QB,Charlie,Batch,76,7
Steelers,QB,Omar,Jacobs,71,7
Colts,QB,Peyton,Manning,99,7
Colts,QB,Shaun,King,74,7
Colts,QB,Jim,Sorgi,70,7
Jaguars,QB,Byron,Leftwich,89,7
Jaguars,QB,David,Garrard,81,7
Jaguars,QB,Quinn,Gray,68,7
Titans,QB,Billy,Volek,84,7
Titans,QB,Vince,Young,82,7
Titans,QB,Matt,Mauck,66,7
Broncos,QB,Jake,Plummer,90,7
Broncos,QB,Jay,Cutler,79,7
Broncos,QB,Bradlee,Van Pelt,73,7
Chiefs,QB,Trent,Green,91,7
Chiefs,QB,Brodie,Croyle,75,7
Chiefs,QB,Damon,Huard,71,7
Raiders,QB,Aaron,Brooks,84,7
Raiders,QB,Andrew,Walter,78,7
Raiders,QB,Marques,Tuiasosopo,75,7
Chargers,QB,Philip,Rivers,83,7
Chargers,QB,Charlie,Whitehurst,73,7
Chargers,QB,A.J.,Feeley,70,7
Cowboys,QB,Drew,Bledsoe,87,7
Cowboys,QB,Tony,Romo,75,7
Cowboys,QB,Drew,Henson,72,7
Eagles,QB,Donovan,McNabb,94,7
Eagles,QB,Jeff,Garcia,81,7
Eagles,QB,Koy,Detmer,74,7
Redskins,QB,Mark,Brunell,87,7
Redskins,QB,Jason,Campbell,77,7
Redskins,QB,Todd,Collins,74,7
Giants,QB,Eli,Manning,88,7
Giants,QB,Tim,Hasselbeck,72,7
Giants,QB,Jared,Lorenzen,62,7
Bears,QB,Rex,Grossman,85,7
Bears,QB,Brian,Griese,81,7
Bears,QB,Kyle,Orton,75,7
Lions,QB,Jon,Kitna,83,7
Lions,QB,Josh,McCown,80,7
Lions,QB,Dan,Orlovsky,73,7
Packers,QB,Brett,Favre,88,7
Packers,QB,Aaron,Rodgers,79,7
Packers,QB,Ingle,Martin,71,7
Vikings,QB,Brad,Johnson,86,7
Vikings,QB,Mike,McMahon,78,7
Vikings,QB,Tarvaris,Jackson,72,7
Vikings,QB,J.T.,O'Sullivan,67,7
Falcons,QB,Michael,Vick,91,7
Falcons,QB,Matt,Schaub,85,7
Falcons,QB,Bryan,Randall,72,7
Falcons,QB,D.J.,Shockley,71,7
Panthers,QB,Jake,Delhomme,92,7
Panthers,QB,Stefan,LeFors,73,7
Panthers,QB,Chris,Weinke,71,7
Saints,QB,Drew,Brees,92,7
Saints,QB,Todd,Bouman,70,7
Saints,QB,Jamie,Martin,70,7
Saints,QB,Adrian,McPherson,67,7
Buccaneers,QB,Chris,Simms,84,7
Buccaneers,QB,Tim,Rattay,76,7
Buccaneers,QB,Luke,McCown,72,7
Cardinals,QB,Kurt,Warner,87,7
Cardinals,QB,Matt,Leinart,81,7
Cardinals,QB,John,Navarre,66,7
Rams,QB,Marc,Bulger,90,7
Rams,QB,Gus,Frerotte,78,7
Rams,QB,Ryan,Fitzpatrick,71,7
49ers,QB,Alex,Smith,82,7
49ers,QB,Trent,Dilfer,81,7
49ers,QB,Cody,Pickett,72,7
Seahawks,QB,Matt,Hasselbeck,93,7
Seahawks,QB,Seneca,Wallace,76,7
Seahawks,QB,David,Greene,72,7
Texans,QB,David,Carr,84,7
Texans,QB,Sage,Rosenfels,73,7
Texans,QB,Quinton,Porter,67,7
Bills,QB,J.P.,Losman,82,8
Bills,QB,Craig,Nall,76,8
Bills,QB,Trent,Edwards,70,8
Dolphins,QB,Daunte,Culpepper,83,8
Dolphins,QB,John,Beck,74,8
Dolphins,QB,Cleo,Lemon,72,8
Patriots,QB,Tom,Brady,98,8
Patriots,QB,Matt,Cassel,75,8
Patriots,QB,Matt,Gutierrez,68,8
Jets,QB,Chad,Pennington,86,8
Jets,QB,Kellen,Clemens,76,8
Jets,QB,Marques,Tuiasosopo,72,8
Ravens,QB,Steve,McNair,85,8
Ravens,QB,Kyle,Boller,76,8
Ravens,QB,Troy,Smith,69,8
Bengals,QB,Carson,Palmer,97,8
Bengals,QB,Doug,Johnson,73,8
Bengals,QB,Jeff,Rowe,67,8
Browns,QB,Charlie,Frye,80,8
Browns,QB,Derek,Anderson,78,8
Browns,QB,Brady,Quinn,77,8
Steelers,QB,Ben,Roethlisberger,87,8
Steelers,QB,Charlie,Batch,78,8
Steelers,QB,Brian,St.Pierre,65,8
Colts,QB,Peyton,Manning,99,8
Colts,QB,Jim,Sorgi,71,8
Colts,QB,John,Navarre,68,8
Jaguars,QB,Byron,Leftwich,82,8
Jaguars,QB,David,Garrard,81,8
Jaguars,QB,Quinn,Gray,72,8
Titans,QB,Vince,Young,87,8
Titans,QB,Kerry,Collins,79,8
Titans,QB,Tim,Rattay,78,8
Broncos,QB,Jay,Cutler,85,8
Broncos,QB,Patrick,Ramsey,79,8
Chiefs,QB,Trent,Green,85,8
Chiefs,QB,Damon,Huard,82,8
Chiefs,QB,Brodie,Croyle,77,8
Chiefs,QB,Casey,Printers,70,8
Raiders,QB,JaMarcus,Russell,82,8
Raiders,QB,Josh,McCown,78,8
Raiders,QB,Andrew,Walter,74,8
Chargers,QB,Philip,Rivers,89,8
Chargers,QB,Billy,Volek,79,8
Chargers,QB,Charlie,Whitehurst,73,8
Cowboys,QB,Tony,Romo,84,8
Cowboys,QB,Brad,Johnson,80,8
Eagles,QB,Donovan,McNabb,94,8
Eagles,QB,Kelly,Holcomb,78,8
Eagles,QB,A.J.,Feeley,76,8
Eagles,QB,Kevin,Kolb,74,8
Redskins,QB,Jason,Campbell,81,8
Redskins,QB,Mark,Brunell,80,8
Redskins,QB,Todd,Collins,73,8
Giants,QB,Eli,Manning,85,8
Giants,QB,Anthony,Wright,76,8
Giants,QB,Tim,Hasselbeck,72,8
Giants,QB,Jared,Lorenzen,66,8
Bears,QB,Rex,Grossman,84,8
Bears,QB,Brian,Griese,81,8
Bears,QB,Chris,Leak,72,8
Bears,QB,Kyle,Orton,71,8
Lions,QB,Jon,Kitna,84,8
Lions,QB,Dan,Orlovsky,73,8
Lions,QB,Drew,Stanton,73,8
Packers,QB,Brett,Favre,89,8
Packers,QB,Aaron,Rodgers,76,8
Packers,QB,Ingle,Martin,69,8
Vikings,QB,Tarvaris,Jackson,76,8
Vikings,QB,Brooks,Bollinger,73,8
Vikings,QB,Tyler,Thigpen,67,8
Falcons,QB,Michael,Vick,90,8
Falcons,QB,Joey,Harrington,76,8
Falcons,QB,D.J.,Shockley,68,8
Panthers,QB,Jake,Delhomme,85,8
Panthers,QB,David,Carr,82,8
Saints,QB,Drew,Brees,95,8
Saints,QB,Jamie,Martin,76,8
Saints,QB,Tyler,Palko,66,8
Buccaneers,QB,Jeff,Garcia,84,8
Buccaneers,QB,Chris,Simms,77,8
Buccaneers,QB,Bruce,Gradkowski,72,8
Cardinals,QB,Matt,Leinart,84,8
Cardinals,QB,Kurt,Warner,80,8
Rams,QB,Marc,Bulger,94,8
Rams,QB,Gus,Frerotte,77,8
Rams,QB,Ryan,Fitzpatrick,69,8
49ers,QB,Alex,Smith,83,8
49ers,QB,Trent,Dilfer,80,8
49ers,QB,Shaun,Hill,67,8
Seahawks,QB,Matt,Hasselbeck,92,8
Seahawks,QB,Seneca,Wallace,82,8
Seahawks,QB,David,Greene,71,8
Texans,QB,Matt,Schaub,83,8
Texans,QB,Sage,Rosenfels,76,8
Texans,QB,Bradlee,Van Pelt,70,8
Bills,QB,J.P.,Losman,79,9
Bills,QB,Trent,Edwards,79,9
Dolphins,QB,Josh,McCown,79,9
Dolphins,QB,John,Beck,78,9
Dolphins,QB,Chad,Henne,77,9
Patriots,QB,Tom,Brady,99,9
Patriots,QB,Matt,Cassel,76,9
Patriots,QB,Kevin,O'Connell,73,9
Jets,QB,Chad,Pennington,81,9
Jets,QB,Kellen,Clemens,77,9
Jets,QB,Erik,Ainge,74,9
Ravens,QB,Joe,Flacco,79,9
Ravens,QB,Kyle,Boller,78,9
Ravens,QB,Troy,Smith,73,9
Bengals,QB,Carson,Palmer,96,9
Bengals,QB,Ryan,Fitzpatrick,75,9
Bengals,QB,Jeff,Rowe,70,9
Browns,QB,Derek,Anderson,87,9
Browns,QB,Brady,Quinn,82,9
Browns,QB,Ken,Dorsey,71,9
Steelers,QB,Ben,Roethlisberger,95,9
Steelers,QB,Charlie,Batch,78,9
Steelers,QB,Dennis,Dixon,72,9
Colts,QB,Peyton,Manning,99,9
Colts,QB,Jim,Sorgi,73,9
Jaguars,QB,David,Garrard,92,9
Jaguars,QB,Cleo,Lemon,77,9
Titans,QB,Vince,Young,88,9
Titans,QB,Kerry,Collins,79,9
Broncos,QB,Jay,Cutler,86,9
Broncos,QB,Patrick,Ramsey,79,9
Chiefs,QB,Brodie,Croyle,78,9
Chiefs,QB,Damon,Huard,78,9
Chiefs,QB,Tyler,Thigpen,74,9
Raiders,QB,JaMarcus,Russell,83,9
Raiders,QB,Andrew,Walter,76,9
Chargers,QB,Philip,Rivers,90,9
Chargers,QB,Billy,Volek,82,9
Cowboys,QB,Tony,Romo,94,9
Cowboys,QB,Brad,Johnson,78,9
Eagles,QB,Donovan,McNabb,92,9
Eagles,QB,Kevin,Kolb,78,9
Eagles,QB,A.J.,Feeley,76,9
Redskins,QB,Jason,Campbell,86,9
Redskins,QB,Todd,Collins,85,9
Redskins,QB,Colt,Brennan,73,9
Giants,QB,Eli,Manning,93,9
Giants,QB,David,Carr,76,9
Giants,QB,Andre,Woodson,71,9
Bears,QB,Rex,Grossman,79,9
Bears,QB,Kyle,Orton,76,9
Lions,QB,Jon,Kitna,84,9
Lions,QB,Drew,Stanton,77,9
Lions,QB,Dan,Orlovsky,73,9
Packers,QB,Aaron,Rodgers,83,9
Packers,QB,Brian,Brohm,80,9
Packers,QB,Matt,Flynn,72,9
Vikings,QB,Tarvaris,Jackson,79,9
Vikings,QB,Gus,Frerotte,77,9
Vikings,QB,John David,Booty,77,9
Falcons,QB,Matt,Ryan,83,9
Falcons,QB,Chris,Redman,82,9
Falcons,QB,Joey,Harrington,79,9
Panthers,QB,Jake,Delhomme,85,9
Panthers,QB,Matt,Moore,79,9
Saints,QB,Drew,Brees,94,9
Saints,QB,Mark,Brunell,77,9
Buccaneers,QB,Jeff,Garcia,90,9
Buccaneers,QB,Brian,Griese,77,9
Buccaneers,QB,Luke,McCown,77,9
Buccaneers,QB,Josh,Johnson,72,9
Cardinals,QB,Kurt,Warner,85,9
Cardinals,QB,Matt,Leinart,85,9
Cardinals,QB,Brian,St.Pierre,69,9
Rams,QB,Marc,Bulger,89,9
Rams,QB,Trent,Green,81,9
49ers,QB,Alex,Smith,79,9
49ers,QB,Shaun,Hill,79,9
49ers,QB,J.T.,O'Sullivan,77,9
Seahawks,QB,Matt,Hasselbeck,91,9
Seahawks,QB,Seneca,Wallace,82,9
Seahawks,QB,Charlie,Frye,80,9
Texans,QB,Matt,Schaub,85,9
Texans,QB,Sage,Rosenfels,79,9
Texans,QB,Quinn,Gray,76,9
Bills,QB,Trent,Edwards  ,76,10
Bills,QB,Ryan,Fitzpatrick  ,65,10
Dolphins,QB,Chad,Pennington,85,10
Dolphins,QB,Chad,Henne,66,10
Dolphins,QB,Pat,White,65,10
Patriots,QB,Tom,Brady  ,97,10
Patriots,QB,Kevin,O'Connell  ,41,10
Jets,QB,Mark,Sanchez  ,78,10
Jets,QB,Kellen,Clemens  ,69,10
Jets,QB,Erik,Ainge  ,42,10
Ravens,QB,Joe,Flacco  ,81,10
Ravens,QB,Troy,Smith  ,59,10
Ravens,QB,John,Beck  ,48,10
Bengals,QB,Carson,Palmer  ,88,10
Bengals,QB,J.T.,O'Sullivan  ,60,10
Bengals,QB,Jordan,Palmer  ,53,10
Browns,QB,Brady,Quinn  ,71,10
Browns,QB,Derek,Anderson  ,70,10
Browns,QB,Brett,Ratliff  ,51,10
Steelers,QB,Ben,Roethlisberger,93,10
Steelers,QB,Charlie,Batch  ,67,10
Steelers,QB,Dennis,Dixon  ,42,10
Colts,QB,Peyton,Manning  ,99,10
Colts,QB,Curtis,Painter  ,62,10
Colts,QB,Jim,Sorgi  ,47,10
Jaguars,QB,David,Garrard  ,78,10
Jaguars,QB,Cleo,Lemon  ,47,10
Titans,QB,Kerry,Collins  ,79,10
Titans,QB,Vince,Young  ,68,10
Titans,QB,Patrick,Ramsey  ,56,10
Broncos,QB,Kyle,Orton  ,74,10
Broncos,QB,Chris,Simms  ,66,10
Broncos,QB,Tom,Brandstater  ,60,10
Chiefs,QB,Matt,Cassel  ,83,10
Chiefs,QB,Tyler,Thigpen  ,66,10
Chiefs,QB,Brodie,Croyle  ,56,10
Raiders,QB,Jeff,Garcia  ,75,10
Raiders,QB,JaMarcus,Russell  ,72,10
Raiders,QB,Andrew,Walter  ,57,10
Chargers,QB,Philip,Rivers  ,89,10
Chargers,QB,Billy,Volek  ,67,10
Chargers,QB,Charlie,Whitehurst  ,55,10
Cowboys,QB,Tony,Romo  ,87,10
Cowboys,QB,Jon,Kitna  ,68,10
Cowboys,QB,Stephen,McGee  ,59,10
Eagles,QB,Donovan,McNabb  ,90,10
Eagles,QB,Kevin,Kolb  ,68,10
Eagles,QB,A.J.,Feeley  ,51,10
Redskins,QB,Jason,Campbell  ,77,10
Redskins,QB,Todd,Collins  ,64,10
Redskins,QB,Colt,Brennan  ,49,10
Giants,QB,Eli,Manning  ,87,10
Giants,QB,Rhett,Bomar  ,62,10
Giants,QB,David,Carr  ,60,10
Bears,QB,Jay,Cutler  ,87,10
Bears,QB,Caleb,Hanie  ,45,10
Lions,QB,Matthew,Stafford  ,79,10
Lions,QB,Daunte,Culpepper  ,72,10
Lions,QB,Drew,Stanton  ,47,10
Packers,QB,Aaron,Rodgers  ,86,10
Packers,QB,Matt,Flynn  ,54,10
Packers,QB,Brian,Brohm  ,50,10
Vikings,QB,Sage,Rosenfels  ,69,10
Vikings,QB,Tarvaris,Jackson  ,67,10
Vikings,QB,John David,Booty  ,48,10
Falcons,QB,Matt,Ryan  ,85,10
Falcons,QB,Chris,Redman  ,55,10
Falcons,QB,D.J.,Shockley  ,42,10
Panthers,QB,Jake,Delhomme  ,80,10
Panthers,QB,Josh,McCown  ,59,10
Panthers,QB,Matt,Moore  ,55,10
Saints,QB,Drew,Brees  ,96,10
Saints,QB,Joey,Harrington  ,63,10
Saints,QB,Mark,Brunell  ,62,10
Bucs,QB,Byron,Leftwich  ,74,10
Bucs,QB,Josh,Freeman  ,73,10
Bucs,QB,Luke,McCown  ,70,10
Cardinals,QB,Kurt,Warner  ,94,10
Cardinals,QB,Matt,Leinart  ,68,10
Cardinals,QB,Brian,St. Pierre  ,51,10
Rams,QB,Marc,Bulger  ,78,10
Rams,QB,Kyle,Boller  ,51,10
Rams,QB,Brock,Berlin  ,50,10
49ers,QB,Shaun,Hill  ,69,10
49ers,QB,Alex,Smith  ,67,10
49ers,QB,Nate,Davis  ,64,10
49ers,QB,Damon,Huard  ,58,10
Seahawks,QB,Matt,Hasselbeck  ,84,10
Seahawks,QB,Seneca,Wallace  ,69,10
Seahawks,QB,Jeff,Rowe  ,48,10
Texans,QB,Matt,Schaub  ,77,10
Texans,QB,Dan,Orlovsky  ,63,10
Texans,QB,Alex,Brink  ,38,10
Bills,QB,Ryan,Fitzpatrick,70,11
Bills,QB,Trent,Edwards,70,11
Bills,QB,Brian,Brohm,65,11
Bills,QB,Levi,Brown,63,11
Dolphins,QB,Chad,Henne,79,11
Dolphins,QB,Chad,Pennington,78,11
Dolphins,QB,Pat,White,66,11
Dolphins,QB,Tyler,Thigpen,64,11
Patriots,QB,Tom,Brady,95,11
Patriots,QB,Brian,Hoyer,63,11
Patriots,QB,Zac,Robinson,59,11
Jets,QB,Mark,Sanchez,82,11
Jets,QB,Kellen,Clemens,70,11
Jets,QB,Kevin,O'Connell,58,11
Jets,QB,Erik,Ainge,54,11
Ravens,QB,Joe,Flacco,87,11
Ravens,QB,Troy,Smith,67,11
Ravens,QB,John,Beck,58,11
Bengals,QB,Carson,Palmer,87,11
Bengals,QB,J.T.,O'Sullivan,60,11
Bengals,QB,Jordan,Palmer,53,11
Browns,QB,Jake,Delhomme,74,11
Browns,QB,Seneca,Wallace,72,11
Browns,QB,Colt,McCoy,71,11
Browns,QB,Brett,Ratliff,57,11
Steelers,QB,Ben,Roethlisberger,88,11
Steelers,QB,Byron,Leftwich,69,11
Steelers,QB,Charlie,Batch,67,11
Steelers,QB,Dennis,Dixon,64,11
Colts,QB,Peyton,Manning,99,11
Colts,QB,Curtis,Painter,61,11
Jaguars,QB,David,Garrard,79,11
Jaguars,QB,Luke,McCown,70,11
Titans,QB,Vince,Young,79,11
Titans,QB,Kerry,Collins,72,11
Titans,QB,Chris,Simms,68,11
Broncos,QB,Kyle,Orton,80,11
Broncos,QB,Brady,Quinn,71,11
Broncos,QB,Tim,Tebow,70,11
Chiefs,QB,Matt,Cassel,78,11
Chiefs,QB,Brodie,Croyle,65,11
Chiefs,QB,Matt,Gutierrez,58,11
Raiders,QB,Jason,Campbell,83,11
Raiders,QB,Bruce,Gradkowski,67,11
Raiders,QB,Charlie,Frye,65,11
Chargers,QB,Philip,Rivers,94,11
Chargers,QB,Billy,Volek,67,11
Chargers,QB,Jonathan,Crompton,64,11
Cowboys,QB,Tony,Romo,90,11
Cowboys,QB,Jon,Kitna,68,11
Cowboys,QB,Stephen,McGee,62,11
Eagles,QB,Kevin,Kolb,75,11
Eagles,QB,Michael,Vick,73,11
Eagles,QB,Mike,Kafka,65,11
Redskins,QB,Donovan,McNabb,89,11
Redskins,QB,Rex,Grossman,65,11
Redskins,QB,Colt,Brennan,59,11
Giants,QB,Eli,Manning,89,11
Giants,QB,Rhett,Bomar,61,11
Giants,QB,Jim,Sorgi,59,11
Bears,QB,Jay,Cutler,83,11
Bears,QB,Dan,LeFevour,66,11
Bears,QB,Caleb,Hanie,64,11
Lions,QB,Matthew,Stafford,80,11
Lions,QB,Shaun,Hill,70,11
Lions,QB,Drew,Stanton,61,11
Packers,QB,Aaron,Rodgers,94,11
Packers,QB,Matt,Flynn,57,11
Vikings,QB,Brett,Favre,92,11
Vikings,QB,Tarvaris,Jackson,71,11
Vikings,QB,Sage,Rosenfels,69,11
Falcons,QB,Matt,Ryan,86,11
Falcons,QB,Chris,Redman,69,11
Falcons,QB,John Parker,Wilson,60,11
Panthers,QB,Matt,Moore,76,11
Panthers,QB,Jimmy,Clausen,74,11
Panthers,QB,Tony,Pike,65,11
Saints,QB,Drew,Brees,99,11
Saints,QB,Sean,Canfield,64,11
Saints,QB,Chase,Daniel,62,11
Buccaneers,QB,Josh,Freeman,77,11
Buccaneers,QB,Josh,Johnson,68,11
Buccaneers,QB,Jevan,Snead,58,11
Cardinals,QB,Matt,Leinart,75,11
Cardinals,QB,Derek,Anderson,67,11
Cardinals,QB,John,Skelton,62,11
Rams,QB,Sam,Bradford,80,11
Rams,QB,A.J.,Feeley,66,11
Rams,QB,Keith,Null,60,11
49ers,QB,Alex,Smith,77,11
49ers,QB,Nate,Davis,65,11
49ers,QB,David,Carr,65,11
Seahawks,QB,Matt,Hasselbeck,79,11
Seahawks,QB,Charlie,Whitehurst,71,11
Seahawks,QB,J.P.,Losman,66,11
Texans,QB,Matt,Schaub,89,11
Texans,QB,Dan,Orlovsky,63,11
Texans,QB,John David,Booty,53,11
Bills,QB,Ryan,Fitzpatrick,81,12
Bills,QB,Brian,Brohm,65,12
Bills,QB,Levi,Brown,63,12
Dolphins,QB,Chad,Henne,77,12
Dolphins,QB,Tyler,Thigpen,69,12
Dolphins,QB,Tom,Brandstater,61,12
Patriots,QB,Tom,Brady,99,12
Patriots,QB,Ryan,Mallett,69,12
Patriots,QB,Brian,Hoyer,66,12
Patriots,QB,Jonathan,Crompton,63,12
Jets,QB,Mark,Sanchez,83,12
Jets,QB,Mark,Brunell,73,12
Jets,QB,Kellen,Clemens,70,12
Jets,QB,Kevin,O'Connell,65,12
Jets,QB,Greg,McElroy,65,12
Ravens,QB,Joe,Flacco,88,12
Ravens,QB,Marc,Bulger,79,12
Ravens,QB,Hunter,Cantwell,67,12
Ravens,QB,Tyrod,Taylor,62,12
Bengals,QB,Carson,Palmer,83,12
Bengals,QB,Andy,Dalton,71,12
Bengals,QB,Dan,LeFevour,63,12
Bengals,QB,Jordan,Palmer,62,12
Browns,QB,Colt,McCoy,77,12
Browns,QB,Seneca,Wallace,73,12
Browns,QB,Jake,Delhomme,73,12
Browns,QB,Jarrett,Brown,61,12
Steelers,QB,Ben,Roethlisberger,94,12
Steelers,QB,Charlie,Batch,74,12
Steelers,QB,Byron,Leftwich,71,12
Steelers,QB,Dennis,Dixon,70,12
Colts,QB,Peyton,Manning,98,12
Colts,QB,Curtis,Painter,61,12
Jaguars,QB,David,Garrard,83,12
Jaguars,QB,Blaine,Gabbert,75,12
Jaguars,QB,Trent,Edwards,73,12
Jaguars,QB,Luke,McCown,72,12
Titans,QB,Kerry,Collins,77,12
Titans,QB,Vince,Young,77,12
Titans,QB,Jake,Locker,74,12
Titans,QB,Rusty,Smith,60,12
Titans,QB,Brett,Ratliff,59,12
Broncos,QB,Kyle,Orton,82,12
Broncos,QB,Tim,Tebow,77,12
Broncos,QB,Brady,Quinn,72,12
Chiefs,QB,Matt,Cassel,86,12
Chiefs,QB,Ricky,Stanzi,68,12
Chiefs,QB,Brodie,Croyle,67,12
Chiefs,QB,Tyler,Palko,62,12
Raiders,QB,Jason,Campbell,81,12
Raiders,QB,Bruce,Gradkowski,75,12
Raiders,QB,Charlie,Frye,67,12
Raiders,QB,Kyle,Boller,66,12
Chargers,QB,Philip,Rivers,96,12
Chargers,QB,Billy,Volek,69,12
Cowboys,QB,Tony,Romo,88,12
Cowboys,QB,Jon,Kitna,76,12
Cowboys,QB,Chris,Greisen,68,12
Cowboys,QB,Stephen,McGee,67,12
Eagles,QB,Michael,Vick,93,12
Eagles,QB,Kevin,Kolb,84,12
Eagles,QB,Mike,Kafka,67,12
Redskins,QB,Donovan,McNabb,82,12
Redskins,QB,Rex,Grossman,76,12
Redskins,QB,John,Beck,66,12
Giants,QB,Eli,Manning,87,12
Giants,QB,Sage,Rosenfels,70,12
Bears,QB,Jay,Cutler,85,12
Bears,QB,Caleb,Hanie,72,12
Bears,QB,Matt,Gutierrez,65,12
Bears,QB,Todd,Collins,64,12
Bears,QB,Nathan,Enderle,64,12
Lions,QB,Matthew,Stafford,80,12
Lions,QB,Shaun,Hill,76,12
Lions,QB,Drew,Stanton,68,12
Lions,QB,Zac,Robinson,60,12
Packers,QB,Aaron,Rodgers,98,12
Packers,QB,Matt,Flynn,75,12
Packers,QB,Graham,Harrell,66,12
Vikings,QB,Christian,Ponder,73,12
Vikings,QB,Tarvaris,Jackson,72,12
Vikings,QB,Joe,Webb,66,12
Vikings,QB,Rhett,Bomar,61,12
Falcons,QB,Matt,Ryan,90,12
Falcons,QB,Chris,Redman,72,12
Falcons,QB,John,Parker Wilson,62,12
Panthers,QB,Cam,Newton,77,12
Panthers,QB,Matt,Moore,73,12
Panthers,QB,Jimmy,Clausen,70,12
Panthers,QB,Tony,Pike,64,12
Saints,QB,Drew,Brees,96,12
Saints,QB,Chase,Daniel,67,12
Saints,QB,Sean,Canfield,65,12
Buccaneers,QB,Josh,Freeman,87,12
Buccaneers,QB,Josh,Johnson,67,12
Buccaneers,QB,Rudy,Carpenter,59,12
Cardinals,QB,Derek,Anderson,70,12
Cardinals,QB,John,Skelton,69,12
Cardinals,QB,Max,Hall,68,12
Cardinals,QB,Richard,Bartel,62,12
Rams,QB,Sam,Bradford,85,12
Rams,QB,A.J.,Feeley,68,12
Rams,QB,Thaddeus,Lewis,56,12
49ers,QB,Alex,Smith,75,12
49ers,QB,Troy,Smith,72,12
49ers,QB,Colin,Kaepernick,70,12
49ers,QB,David,Carr,65,12
Seahawks,QB,Matt,Hasselbeck,84,12
Seahawks,QB,Charlie,Whitehurst,73,12
Seahawks,QB,J.P.,Losman,66,12
Texans,QB,Matt,Schaub,88,12
Texans,QB,Matt,Leinart,72,12
Texans,QB,Dan,Orlovsky,70,12
Texans,QB,T.J.,Yates,66,12
Bills,QB,Ryan,Fitzpatrick,82,13
Bills,QB,Vince,Young,75,13
Bills,QB,Tyler,Thigpen,69,13
Dolphins,QB,Matt,Moore,78,13
Dolphins,QB,David,Garrard,77,13
Dolphins,QB,Ryan,Tannehill,74,13
Dolphins,QB,Pat,Devlin,62,13
Patriots,QB,Tom,Brady,98,13
Patriots,QB,Brian,Hoyer,73,13
Patriots,QB,Ryan,Mallett,72,13
Jets,QB,Mark,Sanchez,80,13
Jets,QB,Tim,Tebow,77,13
Jets,QB,Greg,McElroy,66,13
Jets,QB,G.J.,Kinne,61,13
Jets,QB,Matt,Simms,61,13
Ravens,QB,Joe,Flacco,88,13
Ravens,QB,Curtis,Painter,68,13
Ravens,QB,Tyrod,Taylor,67,13
Bengals,QB,Andy,Dalton,83,13
Bengals,QB,Bruce,Gradkowski,73,13
Bengals,QB,Zac,Robinson,60,13
Browns,QB,Colt,McCoy,75,13
Browns,QB,Brandon,Weeden,74,13
Browns,QB,Seneca,Wallace,73,13
Browns,QB,Thaddeus,Lewis,60,13
Steelers,QB,Ben,Roethlisberger,95,13
Steelers,QB,Byron,Leftwich,75,13
Steelers,QB,Charlie,Batch,75,13
Steelers,QB,Troy,Smith,71,13
Steelers,QB,Jerrod,Johnson,64,13
Colts,QB,Andrew,Luck,84,13
Colts,QB,Drew,Stanton,70,13
Colts,QB,Chandler,Harnish,64,13
Jaguars,QB,Chad,Henne,75,13
Jaguars,QB,Blaine,Gabbert,74,13
Jaguars,QB,Jordan,Palmer,63,13
Titans,QB,Matt,Hasselbeck,85,13
Titans,QB,Jake,Locker,75,13
Titans,QB,Rusty,Smith,61,13
Broncos,QB,Peyton,Manning,93,13
Broncos,QB,Adam,Weber,69,13
Broncos,QB,Brock,Osweiler,69,13
Broncos,QB,Caleb,Hanie,68,13
Chiefs,QB,Matt,Cassel,80,13
Chiefs,QB,Brady,Quinn,72,13
Chiefs,QB,Ricky,Stanzi,65,13
Raiders,QB,Carson,Palmer,84,13
Raiders,QB,Matt,Leinart,73,13
Raiders,QB,Terrelle,Pryor,65,13
Chargers,QB,Philip,Rivers,92,13
Chargers,QB,Charlie,Whitehurst,73,13
Chargers,QB,Jarrett,Lee,63,13
Cowboys,QB,Tony,Romo,90,13
Cowboys,QB,Kyle,Orton,80,13
Cowboys,QB,Stephen,McGee,66,13
Cowboys,QB,Rudy,Carpenter,60,13
Eagles,QB,Michael,Vick,89,13
Eagles,QB,Mike,Kafka,72,13
Eagles,QB,Trent,Edwards,70,13
Eagles,QB,Nick,Foles,65,13
Redskins,QB,Robert,Griffin III,83,13
Redskins,QB,Rex,Grossman,75,13
Redskins,QB,Kirk,Cousins,72,13
Redskins,QB,Jonathan,Crompton,63,13
Giants,QB,Eli,Manning,97,13
Giants,QB,David,Carr,71,13
Giants,QB,Ryan,Perrilloux,55,13
Bears,QB,Jay,Cutler,87,13
Bears,QB,Jason,Campbell,79,13
Bears,QB,Josh,McCown,70,13
Lions,QB,Matthew,Stafford,91,13
Lions,QB,Shaun,Hill,76,13
Lions,QB,Kellen,Moore,68,13
Packers,QB,Aaron,Rodgers,99,13
Packers,QB,Graham,Harrell,66,13
Packers,QB,B.J.,Coleman,61,13
Vikings,QB,Christian,Ponder,75,13
Vikings,QB,Sage,Rosenfels,70,13
Vikings,QB,Joe,Webb,67,13
Falcons,QB,Matt,Ryan,89,13
Falcons,QB,Chris,Redman,73,13
Falcons,QB,John Parker,Wilson,63,13
Falcons,QB,Dominique,Davis,56,13
Panthers,QB,Cam,Newton,89,13
Panthers,QB,Derek,Anderson,73,13
Panthers,QB,Jimmy,Clausen,68,13
Saints,QB,Drew,Brees,98,13
Saints,QB,Luke,McCown,70,13
Saints,QB,Chase,Daniel,70,13
Saints,QB,Sean,Canfield,66,13
Buccaneers,QB,Josh,Freeman,82,13
Buccaneers,QB,Dan,Orlovsky,70,13
Buccaneers,QB,Brett,Ratliff,63,13
Cardinals,QB,Kevin,Kolb,75,13
Cardinals,QB,John,Skelton,74,13
Cardinals,QB,Richard,Bartel,66,13
Cardinals,QB,Ryan,Lindley,65,13
Rams,QB,Sam,Bradford,80,13
Rams,QB,Kellen,Clemens,72,13
Rams,QB,Tom,Brandstater,66,13
Rams,QB,Austin,Davis,62,13
49ers,QB,Alex,Smith,83,13
49ers,QB,Colin,Kaepernick,70,13
49ers,QB,Josh,Johnson,70,13
49ers,QB,Scott,Tolzien,65,13
Seahawks,QB,Matt,Flynn,79,13
Seahawks,QB,Tarvaris,Jackson,77,13
Seahawks,QB,Russell,Wilson,70,13
Seahawks,QB,Josh,Portis,60,13
Texans,QB,Matt,Schaub,89,13
Texans,QB,T.J.,Yates,74,13
Texans,QB,John,Beck,70,13
Texans,QB,Case,Keenum,64,13
Bills,QB,E.J.,Manuel,78,15
Bills,QB,Thad,Lewis,72,15
Bills,QB,Dennis,Dixon,68,15
Bills,QB,Jeff,Tuel,64,15
Dolphins,QB,Ryan,Tannehill,84,15
Dolphins,QB,Matt,Moore,74,15
Dolphins,QB,Pat,Devlin,65,15
Patriots,QB,Tom,Brady,93,15
Patriots,QB,Ryan,Mallett,73,15
Patriots,QB,Jimmy,Garoppolo,71,15
Jets,QB,Michael,Vick,79,15
Jets,QB,Geno,Smith,78,15
Jets,QB,Tajh,Boyd,67,15
Jets,QB,Matt,Simms,64,15
Ravens,QB,Joe,Flacco,86,15
Ravens,QB,Tyrod,Taylor,72,15
Ravens,QB,Keith,Wenning,64,15
Bengals,QB,Andy,Dalton,85,15
Bengals,QB,Jason,Campbell,76,15
Bengals,QB,A.J.,McCarron,72,15
Bengals,QB,Matt,Scott,65,15
Browns,QB,Brian,Hoyer,79,15
Browns,QB,Johnny,Manziel,77,15
Browns,QB,Tyler,Thigpen,69,15
Browns,QB,Connor,Shaw,66,15
Steelers,QB,Ben,Roethlisberger,90,15
Steelers,QB,Bruce,Gradkowski,73,15
Steelers,QB,Landry,Jones,68,15
Colts,QB,Andrew,Luck,88,15
Colts,QB,Matt,Hasselbeck,79,15
Colts,QB,Chandler,Harnish,66,15
Jaguars,QB,Blake,Bortles,78,15
Jaguars,QB,Chad,Henne,75,15
Jaguars,QB,Stephen,Morris,65,15
Jaguars,QB,Ricky,Stanzi,65,15
Titans,QB,Jake,Locker,75,15
Titans,QB,Charlie,Whitehurst,73,15
Titans,QB,Zach,Mettenberger,68,15
Titans,QB,Tyler,Wilson,67,15
Broncos,QB,Peyton,Manning,98,15
Broncos,QB,Brock,Osweiler,73,15
Broncos,QB,Zac,Dysert,71,15
Broncos,QB,Bryn,Renner,65,15
Chiefs,QB,Alex,Smith,89,15
Chiefs,QB,Chase,Daniel,76,15
Chiefs,QB,Aaron,Murray,69,15
Chiefs,QB,Tyler,Bray,64,15
Raiders,QB,Matt,Schaub,78,15
Raiders,QB,Derek,Carr,74,15
Raiders,QB,Matt,McGloin,73,15
Raiders,QB,Trent,Edwards,69,15
Chargers,QB,Philip,Rivers,92,15
Chargers,QB,Kellen,Clemens,76,15
Chargers,QB,Brad,Sorensen,63,15
Cowboys,QB,Tony,Romo,91,15
Cowboys,QB,Kyle,Orton,74,15
Cowboys,QB,Brandon,Weeden,74,15
Cowboys,QB,Caleb,Hanie,69,15
Eagles,QB,Nick,Foles,88,15
Eagles,QB,Mark,Sanchez,74,15
Eagles,QB,Matt,Barkley,71,15
Eagles,QB,G.J.,Kinne,63,15
Redskins,QB,Robert,Griffin III,82,15
Redskins,QB,Kirk,Cousins,77,15
Redskins,QB,Colt,McCoy,73,15
Giants,QB,Eli,Manning,81,15
Giants,QB,Ryan,Nassib,71,15
Giants,QB,Curtis,Painter,69,15
Bears,QB,Jay,Cutler,86,15
Bears,QB,Jimmy,Clausen,67,15
Bears,QB,David,Fales,66,15
Bears,QB,Jordan,Palmer,66,15
Bears,QB,Jerrod,Johnson,64,15
Lions,QB,Matthew,Stafford,87,15
Lions,QB,Dan,Orlovsky,71,15
Lions,QB,Kellen,Moore,67,15
Packers,QB,Aaron,Rodgers,98,15
Packers,QB,Matt,Flynn,78,15
Packers,QB,Scott,Tolzien,71,15
Vikings,QB,Matt,Cassel,78,15
Vikings,QB,Teddy,Bridgewater,77,15
Vikings,QB,Christian,Ponder,77,15
Falcons,QB,Matt,Ryan,87,15
Falcons,QB,Dominique,Davis,71,15
Falcons,QB,Sean,Renfree,70,15
Panthers,QB,Cam,Newton,89,15
Panthers,QB,Derek,Anderson,73,15
Panthers,QB,Joe,Webb,67,15
Panthers,QB,Matt,Blanchard,64,15
Saints,QB,Drew,Brees,96,15
Saints,QB,Luke,McCown,75,15
Saints,QB,Ryan,Griffin,66,15
Buccaneers,QB,Josh,McCown,83,15
Buccaneers,QB,Mike,Glennon,79,15
Buccaneers,QB,Mike,Kafka,71,15
Buccaneers,QB,Alex,Tanney,65,15
Cardinals,QB,Carson,Palmer,83,15
Cardinals,QB,Drew,Stanton,73,15
Cardinals,QB,Ryan,Lindley,64,15
Cardinals,QB,Logan,Thomas,62,15
Rams,QB,Sam,Bradford,85,15
Rams,QB,Shaun,Hill,76,15
Rams,QB,Austin,Davis,70,15
Rams,QB,Garrett,Gilbert,66,15
49ers,QB,Colin,Kaepernick,89,15
49ers,QB,Blaine,Gabbert,72,15
49ers,QB,Josh,Johnson,71,15
49ers,QB,McLeod,Bethel-Thompson,64,15
Seahawks,QB,Russell,Wilson,93,15
Seahawks,QB,Tarvaris,Jackson,75,15
Seahawks,QB,Terrelle,Pryor,75,15
Seahawks,QB,B.J.,Daniels,62,15
Texans,QB,Ryan,Fitzpatrick,80,15
Texans,QB,Case,Keenum,78,15
Texans,QB,Tom,Savage,70,15
Bills,QB,Matt,Cassel,75,16
Bills,QB,E.J.,Manuel,73,16
Bills,QB,Tyrod,Taylor,72,16
Bills,QB,Matt,Simms,63,16
Dolphins,QB,Ryan,Tannehill,85,16
Dolphins,QB,Matt,Moore,73,16
Dolphins,QB,Josh,Freeman,67,16
Dolphins,QB,McLeod,Bethel-Thompson,64,16
Patriots,QB,Tom,Brady,97,16
Patriots,QB,Matt,Flynn,73,16
Patriots,QB,Jimmy,Garoppolo,73,16
Jets,QB,Ryan,Fitzpatrick,78,16
Jets,QB,Geno,Smith,76,16
Jets,QB,Bryce,Petty,70,16
Ravens,QB,Joe,Flacco,89,16
Ravens,QB,Matt,Schaub,74,16
Ravens,QB,Bryn,Renner,65,16
Ravens,QB,Jerry,Lovelocke,57,16
Bengals,QB,Andy,Dalton,80,16
Bengals,QB,A.J.,McCarron,72,16
Bengals,QB,Josh,Johnson,69,16
Bengals,QB,Terrelle,Pryor,65,16
Browns,QB,Josh,McCown,72,16
Browns,QB,Johnny,Manziel,71,16
Browns,QB,Thad,Lewis,69,16
Browns,QB,Connor,Shaw,64,16
Steelers,QB,Ben,Roethlisberger,95,16
Steelers,QB,Bruce,Gradkowski,74,16
Steelers,QB,Landry,Jones,68,16
Steelers,QB,Tajh,Boyd,61,16
Colts,QB,Andrew,Luck,94,16
Colts,QB,Matt,Hasselbeck,73,16
Colts,QB,Bryan,Bennett,60,16
Jaguars,QB,Blake,Bortles,74,16
Jaguars,QB,Chad,Henne,73,16
Jaguars,QB,Jeff,Tuel,66,16
Jaguars,QB,Stephen,Morris,64,16
Titans,QB,Marcus,Mariota,78,16
Titans,QB,Zach,Mettenberger,76,16
Titans,QB,Charlie,Whitehurst,74,16
Titans,QB,Alex,Tanney,65,16
Broncos,QB,Peyton,Manning,92,16
Broncos,QB,Brock,Osweiler,73,16
Broncos,QB,Zac,Dysert,67,16
Broncos,QB,Trevor,Siemian,64,16
Chiefs,QB,Alex,Smith,84,16
Chiefs,QB,Chase,Daniel,72,16
Chiefs,QB,Aaron,Murray,68,16
Chiefs,QB,Tyler,Bray,63,16
Raiders,QB,Derek,Carr,79,16
Raiders,QB,Christian,Ponder,73,16
Raiders,QB,Matt,McGloin,70,16
Raiders,QB,Cody,Fajardo,62,16
Chargers,QB,Philip,Rivers,90,16
Chargers,QB,Kellen,Clemens,72,16
Chargers,QB,Brad,Sorensen,63,16
Cowboys,QB,Tony,Romo,93,16
Cowboys,QB,Brandon,Weeden,73,16
Cowboys,QB,Dustin,Vaughan,66,16
Cowboys,QB,Jameill,Showers,55,16
Eagles,QB,Sam,Bradford,79,16
Eagles,QB,Mark,Sanchez,76,16
Eagles,QB,Matt,Barkley,69,16
Eagles,QB,Tim,Tebow,68,16
Eagles,QB,G.J.,Kinne,62,16
Redskins,QB,Robert,Griffin III,78,16
Redskins,QB,Kirk,Cousins,73,16
Redskins,QB,Colt,McCoy,73,16
Giants,QB,Eli,Manning,87,16
Giants,QB,Ryan,Nassib,71,16
Giants,QB,Ricky,Stanzi,64,16
Bears,QB,Jay,Cutler,79,16
Bears,QB,Jimmy,Clausen,72,16
Bears,QB,David,Fales,66,16
Bears,QB,Shane,Carden,65,16
Bears,QB,Pat,Devlin,65,16
Lions,QB,Matthew,Stafford,84,16
Lions,QB,Kellen,Moore,71,16
Lions,QB,Dan,Orlovsky,70,16
Lions,QB,Garrett,Gilbert,65,16
Packers,QB,Aaron,Rodgers,99,16
Packers,QB,Scott,Tolzien,71,16
Packers,QB,Brett,Hundley,70,16
Packers,QB,Matt,Blanchard,62,16
Vikings,QB,Teddy,Bridgewater,82,16
Vikings,QB,Shaun,Hill,74,16
Vikings,QB,Mike,Kafka,68,16
Vikings,QB,Taylor,Heinicke,62,16
Falcons,QB,Matt,Ryan,90,16
Falcons,QB,T.J.,Yates,72,16
Falcons,QB,Sean,Renfree,70,16
Panthers,QB,Cam,Newton,90,16
Panthers,QB,Derek,Anderson,72,16
Panthers,QB,Joe,Webb,66,16
Saints,QB,Drew,Brees,95,16
Saints,QB,Luke,McCown,72,16
Saints,QB,Garrett,Grayson,71,16
Saints,QB,Ryan,Griffin,65,16
Buccaneers,QB,Jameis,Winston,81,16
Buccaneers,QB,Mike,Glennon,73,16
Buccaneers,QB,Seth,Lobato,59,16
Cardinals,QB,Carson,Palmer,83,16
Cardinals,QB,Drew,Stanton,73,16
Cardinals,QB,Logan,Thomas,68,16
Cardinals,QB,Chandler,Harnish,63,16
Rams,QB,Nick,Foles,78,16
Rams,QB,Austin,Davis,73,16
Rams,QB,Case,Keenum,72,16
Rams,QB,Sean,Mannion,69,16
49ers,QB,Colin,Kaepernick,81,16
49ers,QB,Blaine,Gabbert,72,16
49ers,QB,Dylan,Thompson,64,16
Seahawks,QB,Russell,Wilson,89,16
Seahawks,QB,Tarvaris,Jackson,73,16
Seahawks,QB,R.J.,Archer,65,16
Seahawks,QB,B.J.,Daniels,63,16
Texans,QB,Ryan,Mallett,74,16
Texans,QB,Brian,Hoyer,73,16
Texans,QB,Tom,Savage,70,16
Bills,QB,Tyrod,Taylor,82,17
Bills,QB,E.J.,Manuel,71,17
Bills,QB,Cardale,Jones,66,17
Dolphins,QB,Ryan,Tannehill,79,17
Dolphins,QB,Matt,Moore,69,17
Dolphins,QB,Brandon,Doughty,63,17
Dolphins,QB,Zac,Dysert,61,17
Patriots,QB,Tom,Brady,94,17
Patriots,QB,Jimmy,Garoppolo,72,17
Patriots,QB,Jacoby,Brissett,70,17
Jets,QB,Ryan,Fitzpatrick,79,17
Jets,QB,Geno,Smith,73,17
Jets,QB,Christian,Hackenberg,67,17
Jets,QB,Bryce,Petty,65,17
Ravens,QB,Joe,Flacco,81,17
Ravens,QB,Ryan,Mallett,67,17
Ravens,QB,Josh,Johnson,65,17
Bengals,QB,Andy,Dalton,87,17
Bengals,QB,A.J.,McCarron,73,17
Bengals,QB,Keith,Wenning,63,17
Bengals,QB,Joe,Licata,61,17
Browns,QB,Robert,Griffin III,73,17
Browns,QB,Josh,McCown,71,17
Browns,QB,Cody,Kessler,70,17
Browns,QB,Austin,Davis,69,17
Steelers,QB,Ben,Roethlisberger,93,17
Steelers,QB,Bruce,Gradkowski,69,17
Steelers,QB,Landry,Jones,66,17
Steelers,QB,Dustin,Vaughan,62,17
Colts,QB,Andrew,Luck,88,17
Colts,QB,Scott,Tolzien,67,17
Colts,QB,Stephen,Morris,62,17
Jaguars,QB,Blake,Bortles,82,17
Jaguars,QB,Chad,Henne,69,17
Jaguars,QB,Brandon,Allen,65,17
Titans,QB,Marcus,Mariota,79,17
Titans,QB,Matt,Cassel,70,17
Titans,QB,Alex,Tanney,63,17
Broncos,QB,Paxton,Lynch,74,17
Broncos,QB,Mark,Sanchez,72,17
Broncos,QB,Trevor,Siemian,60,17
Chiefs,QB,Alex,Smith,82,17
Chiefs,QB,Kevin,Hogan,67,17
Chiefs,QB,Aaron,Murray,63,17
Chiefs,QB,Tyler,Bray,62,17
Raiders,QB,Derek,Carr,83,17
Raiders,QB,Connor,Cook,72,17
Raiders,QB,Matt,McGloin,64,17
Chargers,QB,Philip,Rivers,84,17
Chargers,QB,Kellen,Clemens,68,17
Chargers,QB,Zach,Mettenberger,66,17
Chargers,QB,Mike,Bercovici,63,17
Cowboys,QB,Tony,Romo,86,17
Cowboys,QB,Dak,Prescott,71,17
Cowboys,QB,Kellen,Moore,69,17
Cowboys,QB,Jameill,Showers,56,17
Eagles,QB,Sam,Bradford,78,17
Eagles,QB,Carson,Wentz,76,17
Eagles,QB,Chase,Daniel,71,17
Eagles,QB,McLeod,Bethel-Thompson,63,17
Redskins,QB,Kirk,Cousins,83,17
Redskins,QB,Colt,McCoy,68,17
Redskins,QB,Nate,Sudfeld,65,17
Giants,QB,Eli,Manning,81,17
Giants,QB,Ryan,Nassib,62,17
Giants,QB,B.J.,Daniels,57,17
Bears,QB,Jay,Cutler,80,17
Bears,QB,Brian,Hoyer,73,17
Bears,QB,David,Fales,63,17
Bears,QB,Connor,Shaw,59,17
Lions,QB,Matthew,Stafford,85,17
Lions,QB,Dan,Orlovsky,66,17
Lions,QB,Jake,Rudock,64,17
Packers,QB,Aaron,Rodgers,96,17
Packers,QB,Brett,Hundley,70,17
Packers,QB,Joe,Callahan,62,17
Vikings,QB,Teddy,Bridgewater,81,17
Vikings,QB,Shaun,Hill,68,17
Vikings,QB,Joel,Stave,63,17
Vikings,QB,Taylor,Heinicke,60,17
Falcons,QB,Matt,Ryan,84,17
Falcons,QB,Matt,Schaub,70,17
Falcons,QB,Sean,Renfree,64,17
Falcons,QB,Matt,Simms,61,17
Panthers,QB,Cam,Newton,94,17
Panthers,QB,Derek,Anderson,70,17
Panthers,QB,Joe,Webb,65,17
Saints,QB,Drew,Brees,90,17
Saints,QB,Luke,McCown,71,17
Saints,QB,Garrett,Grayson,64,17
Buccaneers,QB,Jameis,Winston,82,17
Buccaneers,QB,Mike,Glennon,71,17
Buccaneers,QB,Ryan,Griffin,62,17
Buccaneers,QB,Dan,LeFevour,60,17
Cardinals,QB,Carson,Palmer,89,17
Cardinals,QB,Drew,Stanton,68,17
Cardinals,QB,Matt,Barkley,64,17
Cardinals,QB,Jake,Coker,62,17
Rams,QB,Jared,Goff,77,17
Rams,QB,Case,Keenum,75,17
Rams,QB,Sean,Mannion,63,17
Rams,QB,Dylan,Thompson,61,17
49ers,QB,Blaine,Gabbert,74,17
49ers,QB,Colin,Kaepernick,74,17
49ers,QB,Jeff,Driskel,66,17
49ers,QB,Thad,Lewis,65,17
Seahawks,QB,Russell,Wilson,91,17
Seahawks,QB,Trevone,Boykin,63,17
Seahawks,QB,Jake,Heaps,62,17
Texans,QB,Brock,Osweiler,77,17
Texans,QB,Brandon,Weeden,72,17
Texans,QB,Tom,Savage,65,17
Bills,QB,Tyrod,Taylor,82,18
Bills,QB,Nathan,Peterman,72,18
Bills,QB,T.J.,Yates,67,18
Bills,QB,Cardale,Jones,66,18
Dolphins,QB,Ryan,Tannehill,83,18
Dolphins,QB,Matt,Moore,71,18
Dolphins,QB,David,Fales,62,18
Dolphins,QB,Brandon,Doughty,61,18
Patriots,QB,Tom,Brady,99,18
Patriots,QB,Jimmy,Garoppolo,77,18
Patriots,QB,Jacoby,Brissett,72,18
Jets,QB,Josh,McCown,73,18
Jets,QB,Bryce,Petty,69,18
Jets,QB,Christian,Hackenberg,66,18
Ravens,QB,Joe,Flacco,81,18
Ravens,QB,Ryan,Mallett,66,18
Ravens,QB,Dustin,Vaughan,60,18
Bengals,QB,Andy,Dalton,84,18
Bengals,QB,A.J.,McCarron,73,18
Bengals,QB,Jeff,Driskel,65,18
Browns,QB,Cody,Kessler,75,18
Browns,QB,DeShone,Kizer,75,18
Browns,QB,Brock,Osweiler,75,18
Browns,QB,Kevin,Hogan,66,18
Steelers,QB,Ben,Roethlisberger,91,18
Steelers,QB,Joshua,Dobbs,72,18
Steelers,QB,Landry,Jones,66,18
Colts,QB,Andrew,Luck,90,18
Colts,QB,Scott,Tolzien,66,18
Colts,QB,Stephen,Morris,61,18
Jaguars,QB,Blake,Bortles,77,18
Jaguars,QB,Chad,Henne,67,18
Jaguars,QB,Brandon,Allen,63,18
Titans,QB,Marcus,Mariota,80,18
Titans,QB,Matt,Cassel,69,18
Titans,QB,Alex,Tanney,61,18
Broncos,QB,Trevor,Siemian,76,18
Broncos,QB,Paxton,Lynch,72,18
Broncos,QB,Chad,Kelly,68,18
Chiefs,QB,Alex,Smith,81,18
Chiefs,QB,Patrick,Mahomes II,76,18
Chiefs,QB,Joel,Stave,62,18
Chiefs,QB,Tyler,Bray,60,18
Raiders,QB,Derek,Carr,89,18
Raiders,QB,E.J.,Manuel,70,18
Raiders,QB,Connor,Cook,69,18
Chargers,QB,Philip,Rivers,84,18
Chargers,QB,Kellen,Clemens,67,18
Chargers,QB,Mike,Bercovici,61,18
Cowboys,QB,Dak,Prescott,86,18
Cowboys,QB,Kellen,Moore,67,18
Cowboys,QB,Zac,Dysert,60,18
Eagles,QB,Carson,Wentz,79,18
Eagles,QB,Nick,Foles,71,18
Eagles,QB,Matt,McGloin,67,18
Redskins,QB,Kirk,Cousins,85,18
Redskins,QB,Colt,McCoy,67,18
Redskins,QB,Nate,Sudfeld,64,18
Giants,QB,Eli,Manning,80,18
Giants,QB,Davis,Webb,73,18
Giants,QB,Geno,Smith,72,18
Giants,QB,Josh,Johnson,63,18
Bears,QB,Mitchell,Trubisky,77,18
Bears,QB,Mike,Glennon,74,18
Bears,QB,Mark,Sanchez,67,18
Bears,QB,Connor,Shaw,57,18
Lions,QB,Matthew,Stafford,87,18
Lions,QB,Brad,Kaaya,64,18
Lions,QB,Jake,Rudock,63,18
Packers,QB,Aaron,Rodgers,98,18
Packers,QB,Brett,Hundley,69,18
Packers,QB,Joe,Callahan,62,18
Packers,QB,Taysom,Hill,60,18
Vikings,QB,Sam,Bradford,83,18
Vikings,QB,Teddy,Bridgewater,79,18
Vikings,QB,Case,Keenum,73,18
Vikings,QB,Taylor,Heinicke,58,18
Vikings,QB,Wes,Lunt,54,18
Falcons,QB,Matt,Ryan,96,18
Falcons,QB,Matt,Schaub,69,18
Falcons,QB,Matt,Simms,58,18
Falcons,QB,Alek,Torgersen,58,18
Panthers,QB,Cam,Newton,88,18
Panthers,QB,Derek,Anderson,69,18
Panthers,QB,Joe,Webb,64,18
Panthers,QB,Garrett,Gilbert,59,18
Saints,QB,Drew,Brees,92,18
Saints,QB,Chase,Daniel,70,18
Saints,QB,Garrett,Grayson,62,18
Buccaneers,QB,Jameis,Winston,81,18
Buccaneers,QB,Ryan,Fitzpatrick,69,18
Buccaneers,QB,Ryan,Griffin,61,18
Cardinals,QB,Carson,Palmer,83,18
Cardinals,QB,Blaine,Gabbert,72,18
Cardinals,QB,Drew,Stanton,66,18
Rams,QB,Jared,Goff,73,18
Rams,QB,Sean,Mannion,61,18
49ers,QB,Brian,Hoyer,75,18
49ers,QB,Matt,Barkley,72,18
49ers,QB,C.J.,Beathard,72,18
Seahawks,QB,Russell,Wilson,90,18
Seahawks,QB,Austin,Davis,68,18
Seahawks,QB,Trevone,Boykin,64,18
Texans,QB,Deshaun,Watson,76,18
Texans,QB,Tom,Savage,72,18
Texans,QB,Brandon,Weeden,68,18
Bills,QB,Josh,Allen,74,19
Bills,QB,A.J.,McCarron,71,19
Bills,QB,Nathan,Peterman,68,19
Dolphins,QB,Ryan,Tannehill,78,19
Dolphins,QB,Brock,Osweiler,72,19
Dolphins,QB,Bryce,Petty,68,19
Dolphins,QB,David,Fales,67,19
Patriots,QB,Tom,Brady,99,19
Patriots,QB,Brian,Hoyer,69,19
Patriots,QB,Danny,Etling,62,19
Jets,QB,Teddy,Bridgewater,78,19
Jets,QB,Josh,McCown,78,19
Jets,QB,Sam,Darnold,75,19
Ravens,QB,Joe,Flacco,79,19
Ravens,QB,Lamar,Jackson,79,19
Ravens,QB,Robert,Griffin III,71,19
Ravens,QB,Josh,Woodrum,59,19
Bengals,QB,Andy,Dalton,77,19
Bengals,QB,Matt,Barkley,69,19
Bengals,QB,Jeff,Driskel,68,19
Bengals,QB,Logan,Woodside,62,19
Browns,QB,Baker,Mayfield,81,19
Browns,QB,Tyrod,Taylor,81,19
Browns,QB,Drew,Stanton,70,19
Steelers,QB,Ben,Roethlisberger,88,19
Steelers,QB,Mason,Rudolph,72,19
Steelers,QB,Joshua,Dobbs,69,19
Steelers,QB,Landry,Jones,65,19
Colts,QB,Andrew,Luck,87,19
Colts,QB,Jacoby,Brissett,76,19
Colts,QB,Brad,Kaaya,62,19
Jaguars,QB,Blake,Bortles,80,19
Jaguars,QB,Cody,Kessler,67,19
Jaguars,QB,Tanner,Lee,61,19
Titans,QB,Marcus,Mariota,79,19
Titans,QB,Blaine,Gabbert,70,19
Titans,QB,Luke,Falk,65,19
Broncos,QB,Case,Keenum,81,19
Broncos,QB,Paxton,Lynch,70,19
Broncos,QB,Chad,Kelly,68,19
Chiefs,QB,Patrick,Mahomes II,77,19
Chiefs,QB,Chad,Henne,67,19
Chiefs,QB,Matt,McGloin,61,19
Raiders,QB,Derek,Carr,83,19
Raiders,QB,E.J.,Manuel,69,19
Raiders,QB,Connor,Cook,65,19
Chargers,QB,Philip,Rivers,87,19
Chargers,QB,Geno,Smith,68,19
Chargers,QB,Cardale,Jones,66,19
Chargers,QB,Nic,Shimonek,62,19
Cowboys,QB,Dak,Prescott,82,19
Cowboys,QB,Mike,White,64,19
Cowboys,QB,Cooper,Rush,63,19
Eagles,QB,Carson,Wentz,86,19
Eagles,QB,Nick,Foles,80,19
Eagles,QB,Nate,Sudfeld,64,19
Eagles,QB,Joe,Callahan,63,19
Redskins,QB,Alex,Smith,84,19
Redskins,QB,Kevin,Hogan,69,19
Redskins,QB,Colt,McCoy,65,19
Giants,QB,Eli,Manning,76,19
Giants,QB,Kyle,Lauletta,71,19
Giants,QB,Davis,Webb,68,19
Bears,QB,Mitchell,Trubisky,74,19
Bears,QB,Chase,Daniel,67,19
Bears,QB,Tyler,Bray,60,19
Lions,QB,Matthew,Stafford,85,19
Lions,QB,Matt,Cassel,65,19
Lions,QB,Jake,Rudock,60,19
Packers,QB,Aaron,Rodgers,99,19
Packers,QB,DeShone,Kizer,72,19
Packers,QB,Brett,Hundley,70,19
Vikings,QB,Kirk,Cousins,82,19
Vikings,QB,Trevor,Siemian,71,19
Vikings,QB,Kyle,Sloter,64,19
Falcons,QB,Matt,Ryan,89,19
Falcons,QB,Matt,Schaub,68,19
Falcons,QB,Kurt,Benkert,62,19
Falcons,QB,Garrett,Grayson,57,19
Panthers,QB,Cam,Newton,88,19
Panthers,QB,Garrett,Gilbert,58,19
Panthers,QB,Taylor,Heinicke,55,19
Saints,QB,Drew,Brees,91,19
Saints,QB,Tom,Savage,71,19
Saints,QB,J.T.,Barrett,65,19
Saints,QB,Taysom,Hill,60,19
Buccaneers,QB,Jameis,Winston,80,19
Buccaneers,QB,Ryan,Fitzpatrick,73,19
Buccaneers,QB,Ryan,Griffin,61,19
Cardinals,QB,Sam,Bradford,79,19
Cardinals,QB,Josh,Rosen,78,19
Cardinals,QB,Mike,Glennon,72,19
Rams,QB,Jared,Goff,83,19
Rams,QB,Sean,Mannion,62,19
Rams,QB,Brandon,Allen,61,19
49ers,QB,Jimmy,Garoppolo,83,19
49ers,QB,C.J.,Beathard,70,19
Seahawks,QB,Russell,Wilson,92,19
Seahawks,QB,Austin,Davis,64,19
Seahawks,QB,Alex,McGough,61,19
Texans,QB,Deshaun,Watson,82,19
Texans,QB,Joe,Webb III,68,19
Texans,QB,Stephen,Morris,63,19
Texans,QB,Brandon,Weeden,62,19
Bills,QB,Josh,Allen,74,20
Bills,QB,Matt,Barkley,64,20
Bills,QB,Tyree,Jackson,64,20
Dolphins,QB,Ryan,Fitzpatrick,75,20
Dolphins,QB,Josh,Rosen,70,20
Dolphins,QB,Jake,Rudock,51,20
Patriots,QB,Tom,Brady,96,20
Patriots,QB,Brian,Hoyer,64,20
Patriots,QB,Jarrett,Stidham,57,20
Patriots,QB,Danny,Etling,50,20
Jets,QB,Sam,Darnold,74,20
Jets,QB,Trevor,Siemian,61,20
Jets,QB,Davis,Webb,57,20
Jets,QB,Luke,Falk,52,20
Ravens,QB,Lamar,Jackson,76,20
Ravens,QB,Robert,Griffin III,66,20
Ravens,QB,Trace,McSorley,55,20
Bengals,QB,Andy,Dalton,80,20
Bengals,QB,Jeff,Driskel,61,20
Bengals,QB,Ryan,Finley,56,20
Browns,QB,Baker,Mayfield,83,20
Browns,QB,Drew,Stanton,60,20
Browns,QB,David,Blough,48,20
Browns,QB,Garrett,Gilbert,48,20
Steelers,QB,Ben,Roethlisberger,85,20
Steelers,QB,Mason,Rudolph,65,20
Steelers,QB,Joshua,Dobbs,63,20
Colts,QB,Andrew,Luck,92,20
Colts,QB,Jacoby,Brissett,71,20
Colts,QB,Phillip,Walker,56,20
Jaguars,QB,Nick,Foles,77,20
Jaguars,QB,Gardner,Minshew II,59,20
Jaguars,QB,Alex,McGough,54,20
Jaguars,QB,Tanner,Lee,46,20
Titans,QB,Marcus,Mariota,79,20
Titans,QB,Ryan,Tannehill,74,20
Titans,QB,Logan,Woodside,47,20
Broncos,QB,Joe,Flacco,74,20
Broncos,QB,Drew,Lock,67,20
Broncos,QB,Brett,Rypien,56,20
Broncos,QB,Kevin,Hogan,55,20
Chiefs,QB,Patrick,Mahomes,97,20
Chiefs,QB,Chad,Henne,58,20
Chiefs,QB,Kyle,Shurmur,52,20
Chiefs,QB,Chase,Litton,45,20
Raiders,QB,Derek,Carr,80,20
Raiders,QB,Mike,Glennon,61,20
Raiders,QB,Nathan,Peterman,50,20
Chargers,QB,Philip,Rivers,94,20
Chargers,QB,Tyrod,Taylor,71,20
Chargers,QB,Easton,Stick,62,20
Chargers,QB,Cardale,Jones,56,20
Cowboys,QB,Dak,Prescott,81,20
Cowboys,QB,Cooper,Rush,53,20
Cowboys,QB,Mike,White,53,20
Eagles,QB,Carson,Wentz,82,20
Eagles,QB,Cody,Kessler,61,20
Eagles,QB,Nate,Sudfeld,57,20
Eagles,QB,Clayton,Thorson,56,20
Redskins,QB,Alex,Smith,77,20
Redskins,QB,Case,Keenum,73,20
Redskins,QB,Dwayne,Haskins Jr,72,20
Redskins,QB,Colt,McCoy,62,20
Redskins,QB,Josh,Woodrum,44,20
Giants,QB,Eli,Manning,72,20
Giants,QB,Daniel,Jones,63,20
Giants,QB,Kyle,Lauletta,62,20
Giants,QB,Alex,Tanney,45,20
Bears,QB,Mitchell,Trubisky,75,20
Bears,QB,Chase,Daniel,63,20
Bears,QB,Tyler,Bray,46,20
Lions,QB,Matthew,Stafford,79,20
Lions,QB,Tom,Savage,55,20
Lions,QB,Connor,Cook,51,20
Packers,QB,Aaron,Rodgers,90,20
Packers,QB,DeShone,Kizer,63,20
Packers,QB,Tim,Boyle,55,20
Vikings,QB,Kirk,Cousins,81,20
Vikings,QB,Kyle,Sloter,55,20
Vikings,QB,Sean,Mannion,54,20
Falcons,QB,Matt,Ryan,89,20
Falcons,QB,Matt,Schaub,56,20
Falcons,QB,Kurt,Benkert,47,20
Panthers,QB,Cam,Newton,84,20
Panthers,QB,Will,Grier,66,20
Panthers,QB,Taylor,Heinicke,54,20
Panthers,QB,Kyle,Allen,49,20
Saints,QB,Drew,Brees,92,20
Saints,QB,Teddy,Bridgewater,73,20
Saints,QB,Taysom,Hill,56,20
Saints,QB,J.T.,Barrett IV,53,20
Buccaneers,QB,Jameis,Winston,76,20
Buccaneers,QB,Blaine,Gabbert,61,20
Buccaneers,QB,Nick,Fitzgerald,54,20
Buccaneers,QB,Ryan,Griffin,54,20
Cardinals,QB,Kyler,Murray,73,20
Cardinals,QB,Brett,Hundley,65,20
Cardinals,QB,Chad,Kanoff,48,20
Rams,QB,Jared,Goff,83,20
Rams,QB,Blake,Bortles,69,20
Rams,QB,Brandon,Allen,46,20
49ers,QB,Jimmy,Garoppolo,78,20
49ers,QB,Nick,Mullens,68,20
49ers,QB,C.J.,Beathard,59,20
Seahawks,QB,Russell,Wilson,91,20
Seahawks,QB,Geno,Smith,58,20
Seahawks,QB,Paxton,Lynch,57,20
Texans,QB,Deshaun,Watson,82,20
Texans,QB,A.J.,McCarron,62,20
Texans,QB,Joe,Webb III,53,20
Bills,QB,Kevin,Kolb,76,25
Bills,QB,E.J.,Manuel,74,25
Bills,QB,Jeff,Tuel,64,25
Dolphins,QB,Ryan,Tannehill,81,25
Dolphins,QB,Matt,Moore,75,25
Dolphins,QB,Pat,Devlin,65,25
Dolphins,QB,Aaron,Corp,62,25
Patriots,QB,Tom,Brady,97,25
Patriots,QB,Ryan,Mallett,74,25
Patriots,QB,Tim,Tebow,73,25
Jets,QB,Geno,Smith,73,25
Jets,QB,Mark,Sanchez,73,25
Jets,QB,Greg,McElroy,72,25
Jets,QB,Matt,Simms,61,25
Ravens,QB,Joe,Flacco,93,25
Ravens,QB,Tyrod,Taylor,73,25
Ravens,QB,Caleb,Hanie,70,25
Bengals,QB,Andy,Dalton,84,25
Bengals,QB,Josh,Johnson,70,25
Bengals,QB,John,Skelton,67,25
Bengals,QB,Zac,Robinson,64,25
Browns,QB,Brandon,Weeden,76,25
Browns,QB,Jason,Campbell,75,25
Browns,QB,Brian,Hoyer,71,25
Steelers,QB,Ben,Roethlisberger,92,25
Steelers,QB,Bruce,Gradkowski,73,25
Steelers,QB,Landry,Jones,67,25
Steelers,QB,John Parker,Wilson,64,25
Colts,QB,Andrew,Luck,88,25
Colts,QB,Matt,Hasselbeck,79,25
Colts,QB,Chandler,Harnish,66,25
Jaguars,QB,Blaine,Gabbert,74,25
Jaguars,QB,Chad,Henne,74,25
Jaguars,QB,Mike,Kafka,71,25
Jaguars,QB,Matt,Scott,64,25
Jaguars,QB,Jordan,Rodgers,64,25
Titans,QB,Jake,Locker,77,25
Titans,QB,Ryan,Fitzpatrick,76,25
Titans,QB,Rusty,Smith,65,25
Titans,QB,Nathan,Enderle,65,25
Broncos,QB,Peyton,Manning,97,25
Broncos,QB,Brock,Osweiler,73,25
Broncos,QB,Zac,Dysert,68,25
Chiefs,QB,Alex,Smith,87,25
Chiefs,QB,Chase,Daniel,75,25
Chiefs,QB,Ricky,Stanzi,65,25
Chiefs,QB,Tyler,Bray,64,25
Raiders,QB,Matt,Flynn,78,25
Raiders,QB,Terrelle,Pryor,70,25
Raiders,QB,Tyler,Wilson,69,25
Chargers,QB,Philip,Rivers,84,25
Chargers,QB,Charlie,Whitehurst,73,25
Chargers,QB,Brad,Sorensen,64,25
Cowboys,QB,Tony,Romo,88,25
Cowboys,QB,Kyle,Orton,77,25
Eagles,QB,Michael,Vick,81,25
Eagles,QB,Nick,Foles,75,25
Eagles,QB,Matt,Barkley,73,25
Eagles,QB,Dennis,Dixon,68,25
Eagles,QB,G.J.,Kinne,63,25
Redskins,QB,Robert,Griffin III,89,25
Redskins,QB,Kirk,Cousins,75,25
Redskins,QB,Rex,Grossman,72,25
Redskins,QB,Pat,White,65,25
Giants,QB,Eli,Manning,91,25
Giants,QB,David,Carr,74,25
Giants,QB,Ryan,Nassib,72,25
Bears,QB,Jay,Cutler,86,25
Bears,QB,Josh,McCown,71,25
Bears,QB,Matt,Blanchard,64,25
Lions,QB,Matthew,Stafford,85,25
Lions,QB,Shaun,Hill,76,25
Lions,QB,Kellen,Moore,68,25
Packers,QB,Aaron,Rodgers,98,25
Packers,QB,Graham,Harrell,66,25
Packers,QB,B.J.,Coleman,63,25
Vikings,QB,Christian,Ponder,78,25
Vikings,QB,Matt,Cassel,76,25
Vikings,QB,McLeod,Bethel-Thompson,64,25
Falcons,QB,Matt,Ryan,94,25
Falcons,QB,Sean,Renfree,70,25
Falcons,QB,Dominique,Davis,68,25
Panthers,QB,Cam,Newton,89,25
Panthers,QB,Derek,Anderson,73,25
Panthers,QB,Jimmy,Clausen,68,25
Saints,QB,Drew,Brees,96,25
Saints,QB,Seneca,Wallace,72,25
Saints,QB,Luke,McCown,72,25
Buccaneers,QB,Josh,Freeman,82,25
Buccaneers,QB,Dan,Orlovsky,70,25
Buccaneers,QB,Mike,Glennon,66,25
Buccaneers,QB,Adam,Weber,66,25
Cardinals,QB,Carson,Palmer,84,25
Cardinals,QB,Drew,Stanton,73,25
Cardinals,QB,Ryan,Lindley,65,25
Rams,QB,Sam,Bradford,85,25
Rams,QB,Kellen,Clemens,72,25
Rams,QB,Austin,Davis,68,25
49ers,QB,Colin,Kaepernick,89,25
49ers,QB,Colt,McCoy,73,25
49ers,QB,Scott,Tolzien,65,25
49ers,QB,B.J.,Daniels,63,25
Seahawks,QB,Russell,Wilson,89,25
Seahawks,QB,Brady,Quinn,73,25
Seahawks,QB,Tarvaris,Jackson,73,25
Texans,QB,Matt,Schaub,87,25
Texans,QB,T.J.,Yates,74,25
Texans,QB,Stephen,McGee,66,25
Texans,QB,Case,Keenum,65,25
